"","subj","Ordem","Num","item","answer","quest_rt","idade","genero","escolaridade","idioma"
"1","1","todo-um","PL","12","2",9433,36,"masculino","Sup. Completo","sim"
"2","1","um-todo","PL","2","5",18145,36,"masculino","Sup. Completo","sim"
"3","1","um-todo","SG","9","5",9728,36,"masculino","Sup. Completo","sim"
"4","1","um-todo","SG","5","5",15724,36,"masculino","Sup. Completo","sim"
"5","1","um-todo","PL","6","2",21496,36,"masculino","Sup. Completo","sim"
"6","1","todo-um","PL","8","4",12560,36,"masculino","Sup. Completo","sim"
"7","1","um-todo","PL","10","5",11975,36,"masculino","Sup. Completo","sim"
"8","1","um-todo","SG","1","5",10121,36,"masculino","Sup. Completo","sim"
"9","1","todo-um","PL","4","4",11343,36,"masculino","Sup. Completo","sim"
"10","1","todo-um","SG","7","5",7706,36,"masculino","Sup. Completo","sim"
"11","1","todo-um","SG","3","5",9863,36,"masculino","Sup. Completo","sim"
"12","2","todo-um","PL","2","1",8510,19,"masculino","Medio Completo","sim"
"13","2","um-todo","SG","7","5",14875,19,"masculino","Medio Completo","sim"
"14","2","um-todo","PL","8","5",9060,19,"masculino","Medio Completo","sim"
"15","2","todo-um","SG","5","5",10832,19,"masculino","Medio Completo","sim"
"16","2","todo-um","PL","6","1",12474,19,"masculino","Medio Completo","sim"
"17","2","todo-um","SG","1","5",8962,19,"masculino","Medio Completo","sim"
"18","2","um-todo","PL","4","1",7731,19,"masculino","Medio Completo","sim"
"19","2","um-todo","PL","12","5",10805,19,"masculino","Medio Completo","sim"
"20","2","um-todo","SG","3","5",6073,19,"masculino","Medio Completo","sim"
"21","2","todo-um","PL","10","1",10037,19,"masculino","Medio Completo","sim"
"22","2","todo-um","SG","9","5",5183,19,"masculino","Medio Completo","sim"
"23","3","todo-um","SG","10","5",11230,27,"feminino","Mest. Incompleto","sim"
"24","3","todo-um","PL","7","1",11164,27,"feminino","Mest. Incompleto","sim"
"25","3","um-todo","PL","5","3",19098,27,"feminino","Mest. Incompleto","sim"
"26","3","um-todo","SG","8","3",7745,27,"feminino","Mest. Incompleto","sim"
"27","3","todo-um","SG","6","4",12866,27,"feminino","Mest. Incompleto","sim"
"28","3","um-todo","SG","12","3",8507,27,"feminino","Mest. Incompleto","sim"
"29","3","todo-um","PL","3","1",9712,27,"feminino","Mest. Incompleto","sim"
"30","3","um-todo","SG","4","3",11869,27,"feminino","Mest. Incompleto","sim"
"31","3","um-todo","PL","1","4",34766,27,"feminino","Mest. Incompleto","sim"
"32","3","todo-um","SG","2","5",8056,27,"feminino","Mest. Incompleto","sim"
"33","3","um-todo","PL","9","5",7466,27,"feminino","Mest. Incompleto","sim"
"34","4","um-todo","PL","9","1",9502,25,"masculino","Sup. Completo","sim"
"35","4","todo-um","SG","6","1",13620,25,"masculino","Sup. Completo","sim"
"36","4","um-todo","PL","1","4",15104,25,"masculino","Sup. Completo","sim"
"37","4","um-todo","SG","4","3",8897,25,"masculino","Sup. Completo","sim"
"38","4","todo-um","SG","10","5",17021,25,"masculino","Sup. Completo","sim"
"39","4","todo-um","PL","7","5",13485,25,"masculino","Sup. Completo","sim"
"40","4","um-todo","SG","8","4",9638,25,"masculino","Sup. Completo","sim"
"41","4","um-todo","SG","12","4",5479,25,"masculino","Sup. Completo","sim"
"42","4","todo-um","PL","3","5",9287,25,"masculino","Sup. Completo","sim"
"43","4","um-todo","PL","5","4",3687,25,"masculino","Sup. Completo","sim"
"44","4","todo-um","SG","2","5",5071,25,"masculino","Sup. Completo","sim"
"45","5","um-todo","SG","5","5",15081,23,"masculino","Sup. Incompleto","sim"
"46","5","todo-um","PL","8","1",25838,23,"masculino","Sup. Incompleto","sim"
"47","5","um-todo","SG","9","5",13099,23,"masculino","Sup. Incompleto","sim"
"48","5","todo-um","SG","3","4",18316,23,"masculino","Sup. Incompleto","sim"
"49","5","um-todo","PL","6","3",17292,23,"masculino","Sup. Incompleto","sim"
"50","5","todo-um","SG","7","2",14719,23,"masculino","Sup. Incompleto","sim"
"51","5","um-todo","PL","2","4",5309,23,"masculino","Sup. Incompleto","sim"
"52","5","um-todo","PL","10","5",7452,23,"masculino","Sup. Incompleto","sim"
"53","5","todo-um","PL","12","4",6185,23,"masculino","Sup. Incompleto","sim"
"54","5","todo-um","PL","4","1",7511,23,"masculino","Sup. Incompleto","sim"
"55","5","um-todo","SG","1","5",9309,23,"masculino","Sup. Incompleto","sim"
"56","6","um-todo","SG","7","5",9696,33,"feminino","Sup. Completo","sim"
"57","6","um-todo","SG","3","5",8786,33,"feminino","Sup. Completo","sim"
"58","6","um-todo","PL","12","5",13443,33,"feminino","Sup. Completo","sim"
"59","6","todo-um","PL","6","2",11297,33,"feminino","Sup. Completo","sim"
"60","6","um-todo","PL","8","4",8321,33,"feminino","Sup. Completo","sim"
"61","6","todo-um","PL","2","2",14392,33,"feminino","Sup. Completo","sim"
"62","6","todo-um","PL","10","2",6566,33,"feminino","Sup. Completo","sim"
"63","6","todo-um","SG","9","4",8037,33,"feminino","Sup. Completo","sim"
"64","6","todo-um","SG","1","2",26714,33,"feminino","Sup. Completo","sim"
"65","6","todo-um","SG","5","4",5770,33,"feminino","Sup. Completo","sim"
"66","6","um-todo","PL","4","2",6014,33,"feminino","Sup. Completo","sim"
"67","7","todo-um","SG","3","1",13347,23,"feminino","Sup. Completo","sim"
"68","7","um-todo","SG","9","1",4620,23,"feminino","Sup. Completo","sim"
"69","7","um-todo","PL","2","1",9901,23,"feminino","Sup. Completo","sim"
"70","7","todo-um","SG","7","1",10932,23,"feminino","Sup. Completo","sim"
"71","7","todo-um","PL","4","1",7631,23,"feminino","Sup. Completo","sim"
"72","7","todo-um","PL","8","1",6983,23,"feminino","Sup. Completo","sim"
"73","7","um-todo","SG","1","5",6721,23,"feminino","Sup. Completo","sim"
"74","7","todo-um","PL","12","1",5596,23,"feminino","Sup. Completo","sim"
"75","7","um-todo","SG","5","5",3703,23,"feminino","Sup. Completo","sim"
"76","7","um-todo","PL","10","5",6381,23,"feminino","Sup. Completo","sim"
"77","7","um-todo","PL","6","4",8464,23,"feminino","Sup. Completo","sim"
"78","8","todo-um","PL","2","2",11535,33,"masculino","Dout. Incompleto","sim"
"79","8","todo-um","SG","1","5",11988,33,"masculino","Dout. Incompleto","sim"
"80","8","um-todo","PL","8","2",6902,33,"masculino","Dout. Incompleto","sim"
"81","8","todo-um","SG","5","5",10145,33,"masculino","Dout. Incompleto","sim"
"82","8","todo-um","SG","9","1",8988,33,"masculino","Dout. Incompleto","sim"
"83","8","um-todo","SG","3","5",13349,33,"masculino","Dout. Incompleto","sim"
"84","8","um-todo","SG","7","5",22005,33,"masculino","Dout. Incompleto","sim"
"85","8","todo-um","PL","6","5",7499,33,"masculino","Dout. Incompleto","sim"
"86","8","um-todo","PL","4","4",8663,33,"masculino","Dout. Incompleto","sim"
"87","8","um-todo","PL","12","3",8386,33,"masculino","Dout. Incompleto","sim"
"88","8","todo-um","PL","10","2",11095,33,"masculino","Dout. Incompleto","sim"
"89","9","todo-um","SG","5","5",26506,59,"feminino","Dout. Incompleto","sim"
"90","9","um-todo","SG","3","5",14527,59,"feminino","Dout. Incompleto","sim"
"91","9","todo-um","SG","1","5",16370,59,"feminino","Dout. Incompleto","sim"
"92","9","um-todo","PL","4","1",9353,59,"feminino","Dout. Incompleto","sim"
"93","9","um-todo","PL","12","1",10567,59,"feminino","Dout. Incompleto","sim"
"94","9","todo-um","PL","2","1",10916,59,"feminino","Dout. Incompleto","sim"
"95","9","todo-um","PL","10","1",9337,59,"feminino","Dout. Incompleto","sim"
"96","9","um-todo","PL","8","1",8592,59,"feminino","Dout. Incompleto","sim"
"97","9","todo-um","SG","9","5",11386,59,"feminino","Dout. Incompleto","sim"
"98","9","um-todo","SG","7","5",16789,59,"feminino","Dout. Incompleto","sim"
"99","9","todo-um","PL","6","1",15605,59,"feminino","Dout. Incompleto","sim"
"100","10","todo-um","SG","9","2",20073,32,"masculino","Dout. Incompleto","sim"
"101","10","todo-um","PL","6","4",14850,32,"masculino","Dout. Incompleto","sim"
"102","10","todo-um","SG","1","5",9432,32,"masculino","Dout. Incompleto","sim"
"103","10","todo-um","PL","2","4",11853,32,"masculino","Dout. Incompleto","sim"
"104","10","um-todo","PL","4","4",8465,32,"masculino","Dout. Incompleto","sim"
"105","10","um-todo","PL","8","5",18426,32,"masculino","Dout. Incompleto","sim"
"106","10","um-todo","PL","12","5",33440,32,"masculino","Dout. Incompleto","sim"
"107","10","um-todo","SG","7","4",12378,32,"masculino","Dout. Incompleto","sim"
"108","10","todo-um","PL","10","2",7994,32,"masculino","Dout. Incompleto","sim"
"109","10","um-todo","SG","3","5",7918,32,"masculino","Dout. Incompleto","sim"
"110","10","todo-um","SG","5","5",9723,32,"masculino","Dout. Incompleto","sim"
"111","11","todo-um","SG","4","1",28481,44,"feminino","Dout. Completo","sim"
"112","11","um-todo","SG","6","3",28617,44,"feminino","Dout. Completo","sim"
"113","11","todo-um","PL","9","3",7521,44,"feminino","Dout. Completo","sim"
"114","11","todo-um","SG","8","5",5249,44,"feminino","Dout. Completo","sim"
"115","11","um-todo","PL","3","1",12569,44,"feminino","Dout. Completo","sim"
"116","11","um-todo","SG","2","5",8356,44,"feminino","Dout. Completo","sim"
"117","11","um-todo","SG","10","5",5079,44,"feminino","Dout. Completo","sim"
"118","11","um-todo","PL","7","5",7077,44,"feminino","Dout. Completo","sim"
"119","11","todo-um","PL","5","1",9910,44,"feminino","Dout. Completo","sim"
"120","11","todo-um","PL","1","1",5758,44,"feminino","Dout. Completo","sim"
"121","11","todo-um","SG","12","5",13889,44,"feminino","Dout. Completo","sim"
"122","12","todo-um","PL","8","5",11426,30,"masculino","Sup. Completo","sim"
"123","12","um-todo","PL","6","2",22035,30,"masculino","Sup. Completo","sim"
"124","12","um-todo","SG","9","2",18628,30,"masculino","Sup. Completo","sim"
"125","12","um-todo","SG","5","4",20366,30,"masculino","Sup. Completo","sim"
"126","12","todo-um","PL","4","1",9101,30,"masculino","Sup. Completo","sim"
"127","12","um-todo","SG","1","1",32046,30,"masculino","Sup. Completo","sim"
"128","12","todo-um","PL","12","2",17612,30,"masculino","Sup. Completo","sim"
"129","12","todo-um","SG","3","5",10345,30,"masculino","Sup. Completo","sim"
"130","12","um-todo","PL","10","2",14793,30,"masculino","Sup. Completo","sim"
"131","12","todo-um","SG","7","5",12857,30,"masculino","Sup. Completo","sim"
"132","12","um-todo","PL","2","2",11634,30,"masculino","Sup. Completo","sim"
"133","13","um-todo","SG","7","3",7933,29,"feminino","Mest. Completo","sim"
"134","13","todo-um","SG","1","5",6165,29,"feminino","Mest. Completo","sim"
"135","13","um-todo","PL","12","3",5642,29,"feminino","Mest. Completo","sim"
"136","13","todo-um","PL","6","1",7536,29,"feminino","Mest. Completo","sim"
"137","13","todo-um","SG","9","3",10793,29,"feminino","Mest. Completo","sim"
"138","13","um-todo","PL","4","3",12227,29,"feminino","Mest. Completo","sim"
"139","13","todo-um","SG","5","5",8332,29,"feminino","Mest. Completo","sim"
"140","13","um-todo","SG","3","3",9603,29,"feminino","Mest. Completo","sim"
"141","13","um-todo","PL","8","3",8755,29,"feminino","Mest. Completo","sim"
"142","13","todo-um","PL","10","1",7632,29,"feminino","Mest. Completo","sim"
"143","13","todo-um","PL","2","1",9366,29,"feminino","Mest. Completo","sim"
"144","15","todo-um","PL","3","5",10354,18,"feminino","Medio Completo","sim"
"145","15","um-todo","PL","9","5",4300,18,"feminino","Medio Completo","sim"
"146","15","um-todo","SG","4","3",12337,18,"feminino","Medio Completo","sim"
"147","15","um-todo","PL","5","3",7321,18,"feminino","Medio Completo","sim"
"148","15","um-todo","SG","8","3",7106,18,"feminino","Medio Completo","sim"
"149","15","um-todo","SG","12","5",5990,18,"feminino","Medio Completo","sim"
"150","15","todo-um","SG","6","2",10276,18,"feminino","Medio Completo","sim"
"151","15","todo-um","SG","2","5",12908,18,"feminino","Medio Completo","sim"
"152","15","um-todo","PL","1","5",6942,18,"feminino","Medio Completo","sim"
"153","15","todo-um","SG","10","5",6549,18,"feminino","Medio Completo","sim"
"154","15","todo-um","PL","7","4",11588,18,"feminino","Medio Completo","sim"
"155","16","um-todo","SG","3","3",10523,22,"feminino","Sup. Completo","sim"
"156","16","um-todo","PL","4","3",8511,22,"feminino","Sup. Completo","sim"
"157","16","um-todo","PL","8","5",5757,22,"feminino","Sup. Completo","sim"
"158","16","todo-um","SG","9","2",7378,22,"feminino","Sup. Completo","sim"
"159","16","todo-um","PL","10","1",12210,22,"feminino","Sup. Completo","sim"
"160","16","todo-um","SG","1","3",8038,22,"feminino","Sup. Completo","sim"
"161","16","todo-um","SG","5","5",9229,22,"feminino","Sup. Completo","sim"
"162","16","um-todo","PL","12","4",40738,22,"feminino","Sup. Completo","sim"
"163","16","todo-um","PL","2","1",9651,22,"feminino","Sup. Completo","sim"
"164","16","um-todo","SG","7","3",8132,22,"feminino","Sup. Completo","sim"
"165","16","todo-um","PL","6","1",5773,22,"feminino","Sup. Completo","sim"
"166","17","todo-um","PL","12","3",9238,33,"feminino","Sup. Incompleto","sim"
"167","17","um-todo","PL","2","4",9958,33,"feminino","Sup. Incompleto","sim"
"168","17","todo-um","SG","7","1",9967,33,"feminino","Sup. Incompleto","sim"
"169","17","um-todo","SG","5","5",10414,33,"feminino","Sup. Incompleto","sim"
"170","17","um-todo","SG","9","4",8757,33,"feminino","Sup. Incompleto","sim"
"171","17","todo-um","PL","8","2",8210,33,"feminino","Sup. Incompleto","sim"
"172","17","todo-um","PL","4","1",7624,33,"feminino","Sup. Incompleto","sim"
"173","17","um-todo","PL","6","2",11478,33,"feminino","Sup. Incompleto","sim"
"174","17","todo-um","SG","3","2",9728,33,"feminino","Sup. Incompleto","sim"
"175","17","um-todo","SG","1","2",12573,33,"feminino","Sup. Incompleto","sim"
"176","17","um-todo","PL","10","3",10651,33,"feminino","Sup. Incompleto","sim"
"177","18","um-todo","SG","4","1",6038,19,"feminino","Sup. Incompleto","sim"
"178","18","um-todo","PL","1","4",7157,19,"feminino","Sup. Incompleto","sim"
"179","18","todo-um","PL","3","3",6808,19,"feminino","Sup. Incompleto","sim"
"180","18","todo-um","SG","2","5",5135,19,"feminino","Sup. Incompleto","sim"
"181","18","todo-um","SG","10","5",7369,19,"feminino","Sup. Incompleto","sim"
"182","18","um-todo","PL","9","1",8037,19,"feminino","Sup. Incompleto","sim"
"183","18","um-todo","SG","8","2",6564,19,"feminino","Sup. Incompleto","sim"
"184","18","todo-um","PL","7","1",6555,19,"feminino","Sup. Incompleto","sim"
"185","18","todo-um","SG","6","3",4718,19,"feminino","Sup. Incompleto","sim"
"186","18","um-todo","PL","5","5",5487,19,"feminino","Sup. Incompleto","sim"
"187","18","um-todo","SG","12","4",4705,19,"feminino","Sup. Incompleto","sim"
"188","19","todo-um","PL","2","5",9111,20,"masculino","Sup. Incompleto","sim"
"189","19","todo-um","PL","10","4",10699,20,"masculino","Sup. Incompleto","sim"
"190","19","todo-um","PL","6","4",8989,20,"masculino","Sup. Incompleto","sim"
"191","19","um-todo","SG","7","4",7562,20,"masculino","Sup. Incompleto","sim"
"192","19","um-todo","PL","4","4",6159,20,"masculino","Sup. Incompleto","sim"
"193","19","um-todo","SG","3","5",6314,20,"masculino","Sup. Incompleto","sim"
"194","19","um-todo","PL","8","5",7336,20,"masculino","Sup. Incompleto","sim"
"195","19","um-todo","PL","12","5",8317,20,"masculino","Sup. Incompleto","sim"
"196","19","todo-um","SG","9","4",11817,20,"masculino","Sup. Incompleto","sim"
"197","19","todo-um","SG","5","3",11354,20,"masculino","Sup. Incompleto","sim"
"198","19","todo-um","SG","1","5",24040,20,"masculino","Sup. Incompleto","sim"
"199","20","um-todo","PL","7","1",8481,33,"feminino","Medio Completo","sim"
"200","20","um-todo","SG","2","4",28889,33,"feminino","Medio Completo","sim"
"201","20","um-todo","PL","3","3",19844,33,"feminino","Medio Completo","sim"
"202","20","todo-um","SG","4","1",17105,33,"feminino","Medio Completo","sim"
"203","20","um-todo","SG","10","3",24764,33,"feminino","Medio Completo","sim"
"204","20","um-todo","SG","6","5",16517,33,"feminino","Medio Completo","sim"
"205","20","todo-um","PL","5","4",25709,33,"feminino","Medio Completo","sim"
"206","20","todo-um","PL","9","2",8995,33,"feminino","Medio Completo","sim"
"207","20","todo-um","SG","8","2",16104,33,"feminino","Medio Completo","sim"
"208","20","todo-um","SG","12","1",26236,33,"feminino","Medio Completo","sim"
"209","20","todo-um","PL","1","1",11992,33,"feminino","Medio Completo","sim"
"210","21","todo-um","SG","7","5",7000,25,"feminino","Espec. Incompleto","sim"
"211","21","um-todo","SG","1","5",9778,25,"feminino","Espec. Incompleto","sim"
"212","21","um-todo","PL","6","1",16321,25,"feminino","Espec. Incompleto","sim"
"213","21","um-todo","SG","5","5",8447,25,"feminino","Espec. Incompleto","sim"
"214","21","todo-um","PL","8","5",16305,25,"feminino","Espec. Incompleto","sim"
"215","21","todo-um","PL","12","5",7679,25,"feminino","Espec. Incompleto","sim"
"216","21","um-todo","PL","10","1",6216,25,"feminino","Espec. Incompleto","sim"
"217","21","um-todo","PL","2","1",8213,25,"feminino","Espec. Incompleto","sim"
"218","21","todo-um","PL","4","1",6211,25,"feminino","Espec. Incompleto","sim"
"219","21","um-todo","SG","9","1",6159,25,"feminino","Espec. Incompleto","sim"
"220","21","todo-um","SG","3","5",7272,25,"feminino","Espec. Incompleto","sim"
"221","23","um-todo","PL","9","5",15894,27,"feminino","Sup. Incompleto","sim"
"222","23","um-todo","SG","4","5",19687,27,"feminino","Sup. Incompleto","sim"
"223","23","um-todo","PL","1","5",8924,27,"feminino","Sup. Incompleto","sim"
"224","23","todo-um","SG","6","5",13467,27,"feminino","Sup. Incompleto","sim"
"225","23","todo-um","PL","7","2",16803,27,"feminino","Sup. Incompleto","sim"
"226","23","um-todo","SG","8","5",5837,27,"feminino","Sup. Incompleto","sim"
"227","23","um-todo","PL","5","5",7566,27,"feminino","Sup. Incompleto","sim"
"228","23","todo-um","SG","10","5",6845,27,"feminino","Sup. Incompleto","sim"
"229","23","um-todo","SG","12","5",5980,27,"feminino","Sup. Incompleto","sim"
"230","23","todo-um","SG","2","5",4095,27,"feminino","Sup. Incompleto","sim"
"231","23","todo-um","PL","3","3",7180,27,"feminino","Sup. Incompleto","sim"
"232","24","todo-um","PL","8","1",19356,41,"feminino","Mest. Incompleto","sim"
"233","24","um-todo","PL","6","1",41094,41,"feminino","Mest. Incompleto","sim"
"234","24","um-todo","PL","10","2",22767,41,"feminino","Mest. Incompleto","sim"
"235","24","todo-um","PL","4","1",36994,41,"feminino","Mest. Incompleto","sim"
"236","24","todo-um","SG","3","5",22162,41,"feminino","Mest. Incompleto","sim"
"237","24","um-todo","PL","2","1",13104,41,"feminino","Mest. Incompleto","sim"
"238","24","um-todo","SG","5","5",10865,41,"feminino","Mest. Incompleto","sim"
"239","24","um-todo","SG","9","5",18283,41,"feminino","Mest. Incompleto","sim"
"240","24","todo-um","PL","12","1",32340,41,"feminino","Mest. Incompleto","sim"
"241","24","todo-um","SG","7","4",13843,41,"feminino","Mest. Incompleto","sim"
"242","24","um-todo","SG","1","5",22255,41,"feminino","Mest. Incompleto","sim"
"243","25","todo-um","SG","8","3",14129,38,"feminino","Sup. Completo","sim"
"244","25","todo-um","PL","1","1",10149,38,"feminino","Sup. Completo","sim"
"245","25","um-todo","PL","3","3",10042,38,"feminino","Sup. Completo","sim"
"246","25","um-todo","SG","10","5",7966,38,"feminino","Sup. Completo","sim"
"247","25","um-todo","SG","2","5",9511,38,"feminino","Sup. Completo","sim"
"248","25","todo-um","SG","12","5",9834,38,"feminino","Sup. Completo","sim"
"249","25","um-todo","PL","7","5",10614,38,"feminino","Sup. Completo","sim"
"250","25","todo-um","SG","4","5",9217,38,"feminino","Sup. Completo","sim"
"251","25","um-todo","SG","6","5",12466,38,"feminino","Sup. Completo","sim"
"252","25","todo-um","PL","9","1",8404,38,"feminino","Sup. Completo","sim"
"253","25","todo-um","PL","5","2",8388,38,"feminino","Sup. Completo","sim"
"254","26","todo-um","SG","3","5",28499,38,"feminino","Sup. Completo","sim"
"255","26","todo-um","SG","7","4",8998,38,"feminino","Sup. Completo","sim"
"256","26","um-todo","PL","10","3",7619,38,"feminino","Sup. Completo","sim"
"257","26","um-todo","SG","9","5",7233,38,"feminino","Sup. Completo","sim"
"258","26","um-todo","SG","5","4",8018,38,"feminino","Sup. Completo","sim"
"259","26","um-todo","PL","2","5",5872,38,"feminino","Sup. Completo","sim"
"260","26","todo-um","PL","4","1",7991,38,"feminino","Sup. Completo","sim"
"261","26","um-todo","PL","6","2",5439,38,"feminino","Sup. Completo","sim"
"262","26","todo-um","PL","8","1",5126,38,"feminino","Sup. Completo","sim"
"263","26","todo-um","PL","12","1",5255,38,"feminino","Sup. Completo","sim"
"264","26","um-todo","SG","1","5",7668,38,"feminino","Sup. Completo","sim"
"265","27","todo-um","SG","2","4",11094,20,"feminino","Sup. Incompleto","sim"
"266","27","um-todo","SG","8","5",5394,20,"feminino","Sup. Incompleto","sim"
"267","27","todo-um","PL","3","3",7849,20,"feminino","Sup. Incompleto","sim"
"268","27","um-todo","PL","9","2",5609,20,"feminino","Sup. Incompleto","sim"
"269","27","todo-um","SG","6","4",5238,20,"feminino","Sup. Incompleto","sim"
"270","27","todo-um","PL","7","2",5777,20,"feminino","Sup. Incompleto","sim"
"271","27","um-todo","PL","1","2",7768,20,"feminino","Sup. Incompleto","sim"
"272","27","todo-um","SG","10","5",5787,20,"feminino","Sup. Incompleto","sim"
"273","27","um-todo","PL","5","4",6667,20,"feminino","Sup. Incompleto","sim"
"274","27","um-todo","SG","4","3",5207,20,"feminino","Sup. Incompleto","sim"
"275","27","um-todo","SG","12","4",3929,20,"feminino","Sup. Incompleto","sim"
"276","28","um-todo","SG","6","5",17143,20,"feminino","Sup. Incompleto","sim"
"277","28","todo-um","SG","12","4",12393,20,"feminino","Sup. Incompleto","sim"
"278","28","todo-um","PL","1","4",11592,20,"feminino","Sup. Incompleto","sim"
"279","28","um-todo","SG","2","5",11730,20,"feminino","Sup. Incompleto","sim"
"280","28","todo-um","SG","8","5",6947,20,"feminino","Sup. Incompleto","sim"
"281","28","um-todo","PL","3","4",13594,20,"feminino","Sup. Incompleto","sim"
"282","28","um-todo","SG","10","5",6465,20,"feminino","Sup. Incompleto","sim"
"283","28","todo-um","PL","5","4",9680,20,"feminino","Sup. Incompleto","sim"
"284","28","todo-um","SG","4","5",6520,20,"feminino","Sup. Incompleto","sim"
"285","28","um-todo","PL","7","4",13138,20,"feminino","Sup. Incompleto","sim"
"286","28","todo-um","PL","9","4",7622,20,"feminino","Sup. Incompleto","sim"
"287","29","um-todo","PL","10","1",55567,53,"masculino","Espec. Completo","sim"
"288","29","um-todo","SG","5","5",12076,53,"masculino","Espec. Completo","sim"
"289","29","todo-um","PL","12","1",8345,53,"masculino","Espec. Completo","sim"
"290","29","um-todo","SG","9","5",7168,53,"masculino","Espec. Completo","sim"
"291","29","um-todo","PL","6","1",199469,53,"masculino","Espec. Completo","sim"
"292","29","todo-um","SG","3","5",13139,53,"masculino","Espec. Completo","sim"
"293","29","um-todo","PL","2","1",8695,53,"masculino","Espec. Completo","sim"
"294","29","todo-um","PL","8","1",7190,53,"masculino","Espec. Completo","sim"
"295","29","todo-um","SG","7","5",7508,53,"masculino","Espec. Completo","sim"
"296","29","todo-um","PL","4","1",5342,53,"masculino","Espec. Completo","sim"
"297","29","um-todo","SG","1","5",7442,53,"masculino","Espec. Completo","sim"
"298","30","todo-um","SG","6","2",8779,25,"feminino","Sup. Incompleto","sim"
"299","30","um-todo","SG","12","5",8374,25,"feminino","Sup. Incompleto","sim"
"300","30","todo-um","PL","7","1",8542,25,"feminino","Sup. Incompleto","sim"
"301","30","um-todo","PL","9","5",9139,25,"feminino","Sup. Incompleto","sim"
"302","30","um-todo","SG","4","5",11923,25,"feminino","Sup. Incompleto","sim"
"303","30","todo-um","PL","3","1",8973,25,"feminino","Sup. Incompleto","sim"
"304","30","um-todo","PL","5","2",7560,25,"feminino","Sup. Incompleto","sim"
"305","30","um-todo","SG","8","5",8451,25,"feminino","Sup. Incompleto","sim"
"306","30","todo-um","SG","10","5",6693,25,"feminino","Sup. Incompleto","sim"
"307","30","todo-um","SG","2","5",6427,25,"feminino","Sup. Incompleto","sim"
"308","30","um-todo","PL","1","5",18757,25,"feminino","Sup. Incompleto","sim"
"309","31","um-todo","PL","4","4",11295,19,"feminino","Sup. Incompleto","sim"
"310","31","todo-um","SG","9","3",188569,19,"feminino","Sup. Incompleto","sim"
"311","31","todo-um","SG","5","3",20554,19,"feminino","Sup. Incompleto","sim"
"312","31","um-todo","PL","8","3",44915,19,"feminino","Sup. Incompleto","sim"
"313","31","um-todo","SG","7","3",545212,19,"feminino","Sup. Incompleto","sim"
"314","31","todo-um","PL","10","4",17008,19,"feminino","Sup. Incompleto","sim"
"315","31","todo-um","PL","2","2",36485,19,"feminino","Sup. Incompleto","sim"
"316","31","um-todo","SG","3","5",12661,19,"feminino","Sup. Incompleto","sim"
"317","31","todo-um","SG","1","5",5894,19,"feminino","Sup. Incompleto","sim"
"318","31","todo-um","PL","6","1",5845,19,"feminino","Sup. Incompleto","sim"
"319","31","um-todo","PL","12","4",9292,19,"feminino","Sup. Incompleto","sim"
"320","32","um-todo","PL","7","5",9236,30,"feminino","Dout. Incompleto","sim"
"321","32","um-todo","PL","3","5",15865,30,"feminino","Dout. Incompleto","sim"
"322","32","todo-um","SG","4","5",25163,30,"feminino","Dout. Incompleto","sim"
"323","32","todo-um","SG","12","3",25620,30,"feminino","Dout. Incompleto","sim"
"324","32","todo-um","PL","5","1",5895,30,"feminino","Dout. Incompleto","sim"
"325","32","todo-um","SG","8","4",18380,30,"feminino","Dout. Incompleto","sim"
"326","32","todo-um","PL","9","2",14429,30,"feminino","Dout. Incompleto","sim"
"327","32","um-todo","SG","10","5",5818,30,"feminino","Dout. Incompleto","sim"
"328","32","um-todo","SG","6","5",11054,30,"feminino","Dout. Incompleto","sim"
"329","32","todo-um","PL","1","1",15586,30,"feminino","Dout. Incompleto","sim"
"330","32","um-todo","SG","2","5",7266,30,"feminino","Dout. Incompleto","sim"
"331","33","todo-um","SG","3","5",21202,48,"feminino","Sup. Completo","sim"
"332","33","todo-um","SG","7","3",34054,48,"feminino","Sup. Completo","sim"
"333","33","um-todo","PL","6","1",37741,48,"feminino","Sup. Completo","sim"
"334","33","um-todo","SG","1","5",15401,48,"feminino","Sup. Completo","sim"
"335","33","um-todo","SG","5","5",17718,48,"feminino","Sup. Completo","sim"
"336","33","um-todo","PL","10","3",19600,48,"feminino","Sup. Completo","sim"
"337","33","todo-um","PL","12","1",22897,48,"feminino","Sup. Completo","sim"
"338","33","um-todo","PL","2","1",43332,48,"feminino","Sup. Completo","sim"
"339","33","um-todo","SG","9","5",23252,48,"feminino","Sup. Completo","sim"
"340","33","todo-um","PL","4","1",9280,48,"feminino","Sup. Completo","sim"
"341","33","todo-um","PL","8","1",16998,48,"feminino","Sup. Completo","sim"
"342","34","todo-um","PL","7","2",14772,24,"feminino","Sup. Completo","sim"
"343","34","um-todo","PL","1","1",12205,24,"feminino","Sup. Completo","sim"
"344","34","um-todo","PL","9","5",10262,24,"feminino","Sup. Completo","sim"
"345","34","um-todo","SG","4","3",8650,24,"feminino","Sup. Completo","sim"
"346","34","todo-um","SG","6","2",9123,24,"feminino","Sup. Completo","sim"
"347","34","um-todo","SG","8","5",5887,24,"feminino","Sup. Completo","sim"
"348","34","todo-um","PL","3","1",10888,24,"feminino","Sup. Completo","sim"
"349","34","todo-um","SG","10","5",7083,24,"feminino","Sup. Completo","sim"
"350","34","um-todo","PL","5","1",7089,24,"feminino","Sup. Completo","sim"
"351","34","todo-um","SG","2","3",11626,24,"feminino","Sup. Completo","sim"
"352","34","um-todo","SG","12","5",4706,24,"feminino","Sup. Completo","sim"
"353","35","um-todo","PL","5","3",12669,57,"feminino","Dout. Incompleto","sim"
"354","35","todo-um","PL","7","2",8079,57,"feminino","Dout. Incompleto","sim"
"355","35","um-todo","PL","9","3",19198,57,"feminino","Dout. Incompleto","sim"
"356","35","um-todo","PL","1","3",6672,57,"feminino","Dout. Incompleto","sim"
"357","35","um-todo","SG","8","4",13639,57,"feminino","Dout. Incompleto","sim"
"358","35","todo-um","PL","3","1",6962,57,"feminino","Dout. Incompleto","sim"
"359","35","todo-um","SG","2","4",11200,57,"feminino","Dout. Incompleto","sim"
"360","35","todo-um","SG","6","3",7996,57,"feminino","Dout. Incompleto","sim"
"361","35","todo-um","SG","10","2",6477,57,"feminino","Dout. Incompleto","sim"
"362","35","um-todo","SG","4","4",6180,57,"feminino","Dout. Incompleto","sim"
"363","35","um-todo","SG","12","4",4793,57,"feminino","Dout. Incompleto","sim"
"364","36","um-todo","PL","4","3",61810,27,"feminino","Mest. Completo","sim"
"365","36","um-todo","PL","8","5",23766,27,"feminino","Mest. Completo","sim"
"366","36","um-todo","SG","7","5",12761,27,"feminino","Mest. Completo","sim"
"367","36","um-todo","SG","3","5",14905,27,"feminino","Mest. Completo","sim"
"368","36","todo-um","PL","2","2",29630,27,"feminino","Mest. Completo","sim"
"369","36","todo-um","SG","9","3",23840,27,"feminino","Mest. Completo","sim"
"370","36","um-todo","PL","12","5",13005,27,"feminino","Mest. Completo","sim"
"371","36","todo-um","SG","5","2",12982,27,"feminino","Mest. Completo","sim"
"372","36","todo-um","PL","6","2",20506,27,"feminino","Mest. Completo","sim"
"373","36","todo-um","SG","1","5",17526,27,"feminino","Mest. Completo","sim"
"374","36","todo-um","PL","10","3",11419,27,"feminino","Mest. Completo","sim"
"375","37","todo-um","PL","1","1",17228,63,"feminino","Sup. Incompleto","sim"
"376","37","todo-um","PL","9","3",32352,63,"feminino","Sup. Incompleto","sim"
"377","37","um-todo","PL","7","5",14316,63,"feminino","Sup. Incompleto","sim"
"378","37","todo-um","PL","5","3",25056,63,"feminino","Sup. Incompleto","sim"
"379","37","um-todo","SG","10","5",7337,63,"feminino","Sup. Incompleto","sim"
"380","37","todo-um","SG","12","5",12412,63,"feminino","Sup. Incompleto","sim"
"381","37","um-todo","PL","3","2",13434,63,"feminino","Sup. Incompleto","sim"
"382","37","todo-um","SG","4","5",6109,63,"feminino","Sup. Incompleto","sim"
"383","37","um-todo","SG","6","5",11232,63,"feminino","Sup. Incompleto","sim"
"384","37","todo-um","SG","8","5",7400,63,"feminino","Sup. Incompleto","sim"
"385","37","um-todo","SG","2","5",8884,63,"feminino","Sup. Incompleto","sim"
"386","38","todo-um","PL","2","1",5301,26,"masculino","Mest. Completo","sim"
"387","38","um-todo","SG","3","5",4030,26,"masculino","Mest. Completo","sim"
"388","38","todo-um","PL","10","2",4955,26,"masculino","Mest. Completo","sim"
"389","38","todo-um","PL","6","2",3371,26,"masculino","Mest. Completo","sim"
"390","38","um-todo","PL","12","5",17092,26,"masculino","Mest. Completo","sim"
"391","38","um-todo","PL","8","5",8643,26,"masculino","Mest. Completo","sim"
"392","38","um-todo","SG","7","5",8270,26,"masculino","Mest. Completo","sim"
"393","38","um-todo","PL","4","5",3640,26,"masculino","Mest. Completo","sim"
"394","38","todo-um","SG","5","5",4627,26,"masculino","Mest. Completo","sim"
"395","38","todo-um","SG","1","5",3081,26,"masculino","Mest. Completo","sim"
"396","38","todo-um","SG","9","5",5938,26,"masculino","Mest. Completo","sim"
"397","39","todo-um","SG","2","4",18333,28,"masculino","Sup. Incompleto","sim"
"398","39","um-todo","PL","9","4",16740,28,"masculino","Sup. Incompleto","sim"
"399","39","um-todo","PL","1","4",15103,28,"masculino","Sup. Incompleto","sim"
"400","39","um-todo","PL","5","5",10748,28,"masculino","Sup. Incompleto","sim"
"401","39","um-todo","SG","12","3",15266,28,"masculino","Sup. Incompleto","sim"
"402","39","todo-um","SG","10","4",75146,28,"masculino","Sup. Incompleto","sim"
"403","39","um-todo","SG","4","4",13055,28,"masculino","Sup. Incompleto","sim"
"404","39","todo-um","PL","7","1",15423,28,"masculino","Sup. Incompleto","sim"
"405","39","um-todo","SG","8","3",32902,28,"masculino","Sup. Incompleto","sim"
"406","39","todo-um","PL","3","3",15149,28,"masculino","Sup. Incompleto","sim"
"407","39","todo-um","SG","6","2",21535,28,"masculino","Sup. Incompleto","sim"
"408","40","um-todo","SG","9","4",15904,23,"feminino","Sup. Incompleto","sim"
"409","40","um-todo","PL","6","3",21211,23,"feminino","Sup. Incompleto","sim"
"410","40","todo-um","SG","7","3",10896,23,"feminino","Sup. Incompleto","sim"
"411","40","um-todo","PL","2","4",161997,23,"feminino","Sup. Incompleto","sim"
"412","40","todo-um","PL","8","3",12373,23,"feminino","Sup. Incompleto","sim"
"413","40","todo-um","SG","3","4",34049,23,"feminino","Sup. Incompleto","sim"
"414","40","um-todo","SG","1","4",71704,23,"feminino","Sup. Incompleto","sim"
"415","40","um-todo","SG","5","5",12710,23,"feminino","Sup. Incompleto","sim"
"416","40","um-todo","PL","10","4",10018,23,"feminino","Sup. Incompleto","sim"
"417","40","todo-um","PL","4","3",13506,23,"feminino","Sup. Incompleto","sim"
"418","40","todo-um","PL","12","3",13313,23,"feminino","Sup. Incompleto","sim"
"419","42","um-todo","PL","2","4",5245,28,"feminino","Dout. Incompleto","sim"
"420","42","todo-um","PL","4","2",4469,28,"feminino","Dout. Incompleto","sim"
"421","42","todo-um","SG","3","4",12930,28,"feminino","Dout. Incompleto","sim"
"422","42","um-todo","PL","10","5",4225,28,"feminino","Dout. Incompleto","sim"
"423","42","todo-um","SG","7","5",3531,28,"feminino","Dout. Incompleto","sim"
"424","42","um-todo","SG","9","5",5720,28,"feminino","Dout. Incompleto","sim"
"425","42","todo-um","PL","12","3",7477,28,"feminino","Dout. Incompleto","sim"
"426","42","todo-um","PL","8","3",4996,28,"feminino","Dout. Incompleto","sim"
"427","42","um-todo","SG","5","5",3485,28,"feminino","Dout. Incompleto","sim"
"428","42","um-todo","PL","6","5",4181,28,"feminino","Dout. Incompleto","sim"
"429","42","um-todo","SG","1","4",4864,28,"feminino","Dout. Incompleto","sim"
"430","43","todo-um","SG","7","3",8791,40,"feminino","Dout. Incompleto","sim"
"431","43","um-todo","SG","1","4",8457,40,"feminino","Dout. Incompleto","sim"
"432","43","um-todo","PL","2","1",7226,40,"feminino","Dout. Incompleto","sim"
"433","43","todo-um","PL","4","2",8154,40,"feminino","Dout. Incompleto","sim"
"434","43","um-todo","SG","9","1",5072,40,"feminino","Dout. Incompleto","sim"
"435","43","todo-um","PL","8","2",5146,40,"feminino","Dout. Incompleto","sim"
"436","43","todo-um","PL","12","2",8515,40,"feminino","Dout. Incompleto","sim"
"437","43","um-todo","PL","10","2",8460,40,"feminino","Dout. Incompleto","sim"
"438","43","um-todo","SG","5","2",6258,40,"feminino","Dout. Incompleto","sim"
"439","43","um-todo","PL","6","3",6888,40,"feminino","Dout. Incompleto","sim"
"440","43","todo-um","SG","3","2",6882,40,"feminino","Dout. Incompleto","sim"
"441","44","um-todo","PL","4","3",16917,35,"feminino","Mest. Incompleto","sim"
"442","44","todo-um","PL","2","1",12864,35,"feminino","Mest. Incompleto","sim"
"443","44","todo-um","SG","1","1",8115,35,"feminino","Mest. Incompleto","sim"
"444","44","um-todo","PL","12","5",7223,35,"feminino","Mest. Incompleto","sim"
"445","44","um-todo","SG","7","5",21005,35,"feminino","Mest. Incompleto","sim"
"446","44","todo-um","PL","10","1",11008,35,"feminino","Mest. Incompleto","sim"
"447","44","um-todo","PL","8","5",12198,35,"feminino","Mest. Incompleto","sim"
"448","44","um-todo","SG","3","5",9216,35,"feminino","Mest. Incompleto","sim"
"449","44","todo-um","PL","6","1",10382,35,"feminino","Mest. Incompleto","sim"
"450","44","todo-um","SG","5","5",9044,35,"feminino","Mest. Incompleto","sim"
"451","44","todo-um","SG","9","1",8767,35,"feminino","Mest. Incompleto","sim"
"452","45","todo-um","PL","2","1",18896,41,"masculino","Dout. Incompleto","sim"
"453","45","todo-um","SG","5","4",14190,41,"masculino","Dout. Incompleto","sim"
"454","45","todo-um","SG","1","5",12434,41,"masculino","Dout. Incompleto","sim"
"455","45","um-todo","PL","12","4",15184,41,"masculino","Dout. Incompleto","sim"
"456","45","todo-um","PL","6","1",9556,41,"masculino","Dout. Incompleto","sim"
"457","45","todo-um","PL","10","1",7950,41,"masculino","Dout. Incompleto","sim"
"458","45","todo-um","SG","9","2",25149,41,"masculino","Dout. Incompleto","sim"
"459","45","um-todo","PL","4","1",13553,41,"masculino","Dout. Incompleto","sim"
"460","45","um-todo","SG","7","4",18470,41,"masculino","Dout. Incompleto","sim"
"461","45","um-todo","SG","3","4",11266,41,"masculino","Dout. Incompleto","sim"
"462","45","um-todo","PL","8","4",16452,41,"masculino","Dout. Incompleto","sim"
"463","46","um-todo","SG","1","5",9587,29,"feminino","Mest. Incompleto","sim"
"464","46","todo-um","SG","7","4",10598,29,"feminino","Mest. Incompleto","sim"
"465","46","um-todo","PL","6","2",8086,29,"feminino","Mest. Incompleto","sim"
"466","46","um-todo","SG","5","4",13175,29,"feminino","Mest. Incompleto","sim"
"467","46","todo-um","SG","3","3",7703,29,"feminino","Mest. Incompleto","sim"
"468","46","todo-um","PL","12","4",8762,29,"feminino","Mest. Incompleto","sim"
"469","46","um-todo","PL","2","3",15496,29,"feminino","Mest. Incompleto","sim"
"470","46","todo-um","PL","4","4",11928,29,"feminino","Mest. Incompleto","sim"
"471","46","um-todo","SG","9","4",12778,29,"feminino","Mest. Incompleto","sim"
"472","46","todo-um","PL","8","4",7154,29,"feminino","Mest. Incompleto","sim"
"473","46","um-todo","PL","10","4",15408,29,"feminino","Mest. Incompleto","sim"
"474","47","um-todo","PL","5","1",29672,38,"masculino","Mest. Incompleto","sim"
"475","47","todo-um","PL","7","1",18372,38,"masculino","Mest. Incompleto","sim"
"476","47","um-todo","PL","9","4",17089,38,"masculino","Mest. Incompleto","sim"
"477","47","todo-um","SG","10","4",23044,38,"masculino","Mest. Incompleto","sim"
"478","47","um-todo","SG","12","3",18690,38,"masculino","Mest. Incompleto","sim"
"479","47","um-todo","SG","4","5",15399,38,"masculino","Mest. Incompleto","sim"
"480","47","todo-um","PL","3","1",16728,38,"masculino","Mest. Incompleto","sim"
"481","47","um-todo","SG","8","3",12332,38,"masculino","Mest. Incompleto","sim"
"482","47","todo-um","SG","6","5",9693,38,"masculino","Mest. Incompleto","sim"
"483","47","um-todo","PL","1","3",23693,38,"masculino","Mest. Incompleto","sim"
"484","47","todo-um","SG","2","3",19938,38,"masculino","Mest. Incompleto","sim"
"485","48","um-todo","SG","8","4",13990,25,"feminino","Mest. Incompleto","sim"
"486","48","um-todo","PL","5","4",11390,25,"feminino","Mest. Incompleto","sim"
"487","48","um-todo","PL","9","4",7278,25,"feminino","Mest. Incompleto","sim"
"488","48","todo-um","PL","7","1",13222,25,"feminino","Mest. Incompleto","sim"
"489","48","um-todo","SG","12","5",10745,25,"feminino","Mest. Incompleto","sim"
"490","48","todo-um","SG","2","4",9614,25,"feminino","Mest. Incompleto","sim"
"491","48","um-todo","PL","1","4",15011,25,"feminino","Mest. Incompleto","sim"
"492","48","todo-um","SG","6","5",9849,25,"feminino","Mest. Incompleto","sim"
"493","48","todo-um","SG","10","5",12815,25,"feminino","Mest. Incompleto","sim"
"494","48","um-todo","SG","4","5",5986,25,"feminino","Mest. Incompleto","sim"
"495","48","todo-um","PL","3","1",22129,25,"feminino","Mest. Incompleto","sim"
"496","49","todo-um","SG","8","5",9423,52,"masculino","Dout. Completo","sim"
"497","49","todo-um","SG","12","3",10980,52,"masculino","Dout. Completo","sim"
"498","49","um-todo","PL","3","2",11688,52,"masculino","Dout. Completo","sim"
"499","49","um-todo","SG","2","5",16317,52,"masculino","Dout. Completo","sim"
"500","49","todo-um","PL","9","2",14835,52,"masculino","Dout. Completo","sim"
"501","49","todo-um","SG","4","5",18201,52,"masculino","Dout. Completo","sim"
"502","49","todo-um","PL","5","2",13916,52,"masculino","Dout. Completo","sim"
"503","49","um-todo","PL","7","2",12867,52,"masculino","Dout. Completo","sim"
"504","49","um-todo","SG","6","5",13419,52,"masculino","Dout. Completo","sim"
"505","49","todo-um","PL","1","2",7336,52,"masculino","Dout. Completo","sim"
"506","49","um-todo","SG","10","5",7799,52,"masculino","Dout. Completo","sim"
"507","50","todo-um","SG","4","3",21687,31,"feminino","Mest. Incompleto","sim"
"508","50","um-todo","SG","10","5",12333,31,"feminino","Mest. Incompleto","sim"
"509","50","um-todo","SG","6","3",22456,31,"feminino","Mest. Incompleto","sim"
"510","50","um-todo","PL","3","4",19507,31,"feminino","Mest. Incompleto","sim"
"511","50","todo-um","PL","9","2",10076,31,"feminino","Mest. Incompleto","sim"
"512","50","um-todo","SG","2","4",29676,31,"feminino","Mest. Incompleto","sim"
"513","50","todo-um","SG","8","4",14217,31,"feminino","Mest. Incompleto","sim"
"514","50","todo-um","SG","12","4",14276,31,"feminino","Mest. Incompleto","sim"
"515","50","todo-um","PL","1","1",23818,31,"feminino","Mest. Incompleto","sim"
"516","50","todo-um","PL","5","3",12191,31,"feminino","Mest. Incompleto","sim"
"517","50","um-todo","PL","7","5",12966,31,"feminino","Mest. Incompleto","sim"
"518","51","todo-um","PL","12","1",23904,49,"feminino","Dout. Incompleto","sim"
"519","51","todo-um","PL","4","2",18869,49,"feminino","Dout. Incompleto","sim"
"520","51","um-todo","PL","2","1",28052,49,"feminino","Dout. Incompleto","sim"
"521","51","todo-um","PL","8","2",14053,49,"feminino","Dout. Incompleto","sim"
"522","51","um-todo","SG","9","2",34754,49,"feminino","Dout. Incompleto","sim"
"523","51","todo-um","SG","7","1",19530,49,"feminino","Dout. Incompleto","sim"
"524","51","um-todo","PL","6","1",11102,49,"feminino","Dout. Incompleto","sim"
"525","51","um-todo","SG","5","1",9362,49,"feminino","Dout. Incompleto","sim"
"526","51","todo-um","SG","3","2",31230,49,"feminino","Dout. Incompleto","sim"
"527","51","um-todo","SG","1","2",11670,49,"feminino","Dout. Incompleto","sim"
"528","51","um-todo","PL","10","1",13679,49,"feminino","Dout. Incompleto","sim"
"529","52","um-todo","SG","10","5",18257,50,"feminino","Sup. Completo","sim"
"530","52","um-todo","PL","7","5",17158,50,"feminino","Sup. Completo","sim"
"531","52","todo-um","PL","9","1",11695,50,"feminino","Sup. Completo","sim"
"532","52","todo-um","PL","1","1",13793,50,"feminino","Sup. Completo","sim"
"533","52","todo-um","SG","4","2",13921,50,"feminino","Sup. Completo","sim"
"534","52","todo-um","SG","12","5",12956,50,"feminino","Sup. Completo","sim"
"535","52","um-todo","SG","2","5",14067,50,"feminino","Sup. Completo","sim"
"536","52","um-todo","PL","3","3",19997,50,"feminino","Sup. Completo","sim"
"537","52","todo-um","PL","5","1",14652,50,"feminino","Sup. Completo","sim"
"538","52","um-todo","SG","6","5",10082,50,"feminino","Sup. Completo","sim"
"539","52","todo-um","SG","8","5",10958,50,"feminino","Sup. Completo","sim"
"540","53","um-todo","PL","6","1",15825,30,"feminino","Dout. Incompleto","sim"
"541","53","todo-um","PL","8","1",14868,30,"feminino","Dout. Incompleto","sim"
"542","53","um-todo","SG","5","2",17838,30,"feminino","Dout. Incompleto","sim"
"543","53","todo-um","PL","12","1",8914,30,"feminino","Dout. Incompleto","sim"
"544","53","todo-um","PL","4","1",11618,30,"feminino","Dout. Incompleto","sim"
"545","53","um-todo","PL","2","1",14527,30,"feminino","Dout. Incompleto","sim"
"546","53","um-todo","SG","9","1",9976,30,"feminino","Dout. Incompleto","sim"
"547","53","todo-um","SG","7","4",14675,30,"feminino","Dout. Incompleto","sim"
"548","53","um-todo","SG","1","4",20504,30,"feminino","Dout. Incompleto","sim"
"549","53","todo-um","SG","3","4",14061,30,"feminino","Dout. Incompleto","sim"
"550","53","um-todo","PL","10","1",17244,30,"feminino","Dout. Incompleto","sim"
"551","54","todo-um","PL","7","1",11016,23,"feminino","Sup. Incompleto","sim"
"552","54","um-todo","PL","5","5",9247,23,"feminino","Sup. Incompleto","sim"
"553","54","um-todo","SG","8","5",5420,23,"feminino","Sup. Incompleto","sim"
"554","54","todo-um","PL","3","2",7943,23,"feminino","Sup. Incompleto","sim"
"555","54","todo-um","SG","10","5",6628,23,"feminino","Sup. Incompleto","sim"
"556","54","um-todo","PL","1","5",5103,23,"feminino","Sup. Incompleto","sim"
"557","54","um-todo","SG","12","5",7569,23,"feminino","Sup. Incompleto","sim"
"558","54","um-todo","SG","4","3",7869,23,"feminino","Sup. Incompleto","sim"
"559","54","todo-um","SG","2","5",4793,23,"feminino","Sup. Incompleto","sim"
"560","54","um-todo","PL","9","5",5691,23,"feminino","Sup. Incompleto","sim"
"561","54","todo-um","SG","6","5",8761,23,"feminino","Sup. Incompleto","sim"
"562","55","um-todo","PL","4","1",11480,34,"feminino","Mest. Incompleto","sim"
"563","55","um-todo","PL","12","3",15056,34,"feminino","Mest. Incompleto","sim"
"564","55","todo-um","PL","6","2",10769,34,"feminino","Mest. Incompleto","sim"
"565","55","todo-um","PL","10","1",9150,34,"feminino","Mest. Incompleto","sim"
"566","55","todo-um","SG","9","2",13028,34,"feminino","Mest. Incompleto","sim"
"567","55","um-todo","SG","7","5",6975,34,"feminino","Mest. Incompleto","sim"
"568","55","um-todo","PL","8","5",6997,34,"feminino","Mest. Incompleto","sim"
"569","55","todo-um","PL","2","4",7161,34,"feminino","Mest. Incompleto","sim"
"570","55","todo-um","SG","5","4",5711,34,"feminino","Mest. Incompleto","sim"
"571","55","todo-um","SG","1","2",6931,34,"feminino","Mest. Incompleto","sim"
"572","55","um-todo","SG","3","5",9113,34,"feminino","Mest. Incompleto","sim"
"573","56","um-todo","SG","5","1",11384,24,"feminino","Mest. Incompleto","sim"
"574","56","um-todo","SG","1","5",15049,24,"feminino","Mest. Incompleto","sim"
"575","56","um-todo","PL","2","1",14568,24,"feminino","Mest. Incompleto","sim"
"576","56","um-todo","PL","6","1",13913,24,"feminino","Mest. Incompleto","sim"
"577","56","todo-um","PL","12","1",9396,24,"feminino","Mest. Incompleto","sim"
"578","56","todo-um","PL","4","1",9408,24,"feminino","Mest. Incompleto","sim"
"579","56","todo-um","SG","7","1",9639,24,"feminino","Mest. Incompleto","sim"
"580","56","um-todo","SG","9","5",11506,24,"feminino","Mest. Incompleto","sim"
"581","56","todo-um","SG","3","5",12023,24,"feminino","Mest. Incompleto","sim"
"582","56","todo-um","PL","8","3",11212,24,"feminino","Mest. Incompleto","sim"
"583","56","um-todo","PL","10","5",13434,24,"feminino","Mest. Incompleto","sim"
"584","57","um-todo","SG","8","2",33329,28,"feminino","Mest. Completo","sim"
"585","57","um-todo","SG","12","3",28432,28,"feminino","Mest. Completo","sim"
"586","57","um-todo","PL","9","5",13806,28,"feminino","Mest. Completo","sim"
"587","57","todo-um","SG","6","2",41890,28,"feminino","Mest. Completo","sim"
"588","57","todo-um","PL","7","1",48623,28,"feminino","Mest. Completo","sim"
"589","57","todo-um","SG","10","5",15048,28,"feminino","Mest. Completo","sim"
"590","57","um-todo","PL","1","4",43277,28,"feminino","Mest. Completo","sim"
"591","57","um-todo","PL","5","5",7152,28,"feminino","Mest. Completo","sim"
"592","57","todo-um","SG","2","5",19790,28,"feminino","Mest. Completo","sim"
"593","57","um-todo","SG","4","4",10681,28,"feminino","Mest. Completo","sim"
"594","57","todo-um","PL","3","1",17611,28,"feminino","Mest. Completo","sim"
"595","58","todo-um","SG","2","5",7888,45,"feminino","Dout. Completo","sim"
"596","58","todo-um","PL","3","1",7408,45,"feminino","Dout. Completo","sim"
"597","58","todo-um","SG","6","2",13288,45,"feminino","Dout. Completo","sim"
"598","58","todo-um","SG","10","4",10556,45,"feminino","Dout. Completo","sim"
"599","58","um-todo","SG","12","5",12501,45,"feminino","Dout. Completo","sim"
"600","58","um-todo","PL","1","3",7809,45,"feminino","Dout. Completo","sim"
"601","58","um-todo","PL","9","3",6372,45,"feminino","Dout. Completo","sim"
"602","58","um-todo","SG","4","5",13745,45,"feminino","Dout. Completo","sim"
"603","58","um-todo","PL","5","4",8133,45,"feminino","Dout. Completo","sim"
"604","58","um-todo","SG","8","5",6985,45,"feminino","Dout. Completo","sim"
"605","58","todo-um","PL","7","1",4574,45,"feminino","Dout. Completo","sim"
"606","59","um-todo","PL","4","1",21452,19,"feminino","Sup. Incompleto","sim"
"607","59","um-todo","SG","3","1",12376,19,"feminino","Sup. Incompleto","sim"
"608","59","todo-um","SG","5","3",17265,19,"feminino","Sup. Incompleto","sim"
"609","59","um-todo","PL","8","4",12357,19,"feminino","Sup. Incompleto","sim"
"610","59","todo-um","PL","6","1",9298,19,"feminino","Sup. Incompleto","sim"
"611","59","um-todo","PL","12","4",9783,19,"feminino","Sup. Incompleto","sim"
"612","59","um-todo","SG","7","5",10219,19,"feminino","Sup. Incompleto","sim"
"613","59","todo-um","PL","10","5",12829,19,"feminino","Sup. Incompleto","sim"
"614","59","todo-um","PL","2","1",11767,19,"feminino","Sup. Incompleto","sim"
"615","59","todo-um","SG","1","3",9226,19,"feminino","Sup. Incompleto","sim"
"616","59","todo-um","SG","9","3",8732,19,"feminino","Sup. Incompleto","sim"
"617","60","um-todo","SG","12","4",82899,48,"masculino","Mest. Incompleto","sim"
"618","60","um-todo","PL","9","3",70666,48,"masculino","Mest. Incompleto","sim"
"619","60","todo-um","SG","2","5",28001,48,"masculino","Mest. Incompleto","sim"
"620","60","todo-um","SG","6","3",34252,48,"masculino","Mest. Incompleto","sim"
"621","60","um-todo","PL","1","4",35513,48,"masculino","Mest. Incompleto","sim"
"622","60","um-todo","SG","4","1",30581,48,"masculino","Mest. Incompleto","sim"
"623","60","todo-um","PL","7","1",47666,48,"masculino","Mest. Incompleto","sim"
"624","60","um-todo","SG","8","5",25793,48,"masculino","Mest. Incompleto","sim"
"625","60","todo-um","PL","3","1",42393,48,"masculino","Mest. Incompleto","sim"
"626","60","todo-um","SG","10","3",18407,48,"masculino","Mest. Incompleto","sim"
"627","60","um-todo","PL","5","4",38899,48,"masculino","Mest. Incompleto","sim"
"628","61","um-todo","SG","1","5",10153,22,"outro","Mest. Incompleto","sim"
"629","61","todo-um","PL","12","1",13544,22,"outro","Mest. Incompleto","sim"
"630","61","todo-um","PL","8","2",11249,22,"outro","Mest. Incompleto","sim"
"631","61","um-todo","SG","5","5",7729,22,"outro","Mest. Incompleto","sim"
"632","61","todo-um","SG","7","4",11278,22,"outro","Mest. Incompleto","sim"
"633","61","todo-um","PL","4","1",5395,22,"outro","Mest. Incompleto","sim"
"634","61","um-todo","PL","6","3",32258,22,"outro","Mest. Incompleto","sim"
"635","61","um-todo","SG","9","5",2585,22,"outro","Mest. Incompleto","sim"
"636","61","um-todo","PL","2","4",16885,22,"outro","Mest. Incompleto","sim"
"637","61","todo-um","SG","3","5",4774,22,"outro","Mest. Incompleto","sim"
"638","61","um-todo","PL","10","5",5105,22,"outro","Mest. Incompleto","sim"
"639","62","um-todo","PL","5","5",12047,26,"masculino","Dout. Incompleto","sim"
"640","62","um-todo","SG","8","1",17056,26,"masculino","Dout. Incompleto","sim"
"641","62","todo-um","SG","10","5",5981,26,"masculino","Dout. Incompleto","sim"
"642","62","um-todo","SG","4","5",8332,26,"masculino","Dout. Incompleto","sim"
"643","62","todo-um","PL","3","1",6274,26,"masculino","Dout. Incompleto","sim"
"644","62","todo-um","SG","6","4",18228,26,"masculino","Dout. Incompleto","sim"
"645","62","todo-um","PL","7","1",10700,26,"masculino","Dout. Incompleto","sim"
"646","62","todo-um","SG","2","4",12838,26,"masculino","Dout. Incompleto","sim"
"647","62","um-todo","PL","1","4",14368,26,"masculino","Dout. Incompleto","sim"
"648","62","um-todo","PL","9","4",6010,26,"masculino","Dout. Incompleto","sim"
"649","62","um-todo","SG","12","4",8257,26,"masculino","Dout. Incompleto","sim"
"650","63","um-todo","SG","3","5",7134,32,"feminino","Dout. Incompleto","sim"
"651","63","um-todo","SG","7","5",10835,32,"feminino","Dout. Incompleto","sim"
"652","63","todo-um","SG","1","3",13208,32,"feminino","Dout. Incompleto","sim"
"653","63","todo-um","SG","5","5",5351,32,"feminino","Dout. Incompleto","sim"
"654","63","todo-um","PL","6","1",4595,32,"feminino","Dout. Incompleto","sim"
"655","63","todo-um","PL","10","1",6935,32,"feminino","Dout. Incompleto","sim"
"656","63","um-todo","PL","4","1",4686,32,"feminino","Dout. Incompleto","sim"
"657","63","um-todo","PL","8","5",4871,32,"feminino","Dout. Incompleto","sim"
"658","63","um-todo","PL","12","1",4288,32,"feminino","Dout. Incompleto","sim"
"659","63","todo-um","SG","9","5",4632,32,"feminino","Dout. Incompleto","sim"
"660","63","todo-um","PL","2","1",5487,32,"feminino","Dout. Incompleto","sim"
"661","64","todo-um","PL","8","4",20228,28,"feminino","Sup. Completo","sim"
"662","64","todo-um","SG","3","4",7766,28,"feminino","Sup. Completo","sim"
"663","64","um-todo","SG","5","4",14553,28,"feminino","Sup. Completo","sim"
"664","64","todo-um","SG","7","5",9263,28,"feminino","Sup. Completo","sim"
"665","64","um-todo","PL","2","2",32066,28,"feminino","Sup. Completo","sim"
"666","64","um-todo","PL","6","1",13152,28,"feminino","Sup. Completo","sim"
"667","64","um-todo","PL","10","1",13094,28,"feminino","Sup. Completo","sim"
"668","64","um-todo","SG","1","4",9080,28,"feminino","Sup. Completo","sim"
"669","64","todo-um","PL","4","1",8557,28,"feminino","Sup. Completo","sim"
"670","64","todo-um","PL","12","1",9872,28,"feminino","Sup. Completo","sim"
"671","64","um-todo","SG","9","5",8757,28,"feminino","Sup. Completo","sim"
"672","65","um-todo","SG","8","4",13865,31,"masculino","Mest. Incompleto","sim"
"673","65","um-todo","SG","4","5",5714,31,"masculino","Mest. Incompleto","sim"
"674","65","um-todo","PL","1","5",17640,31,"masculino","Mest. Incompleto","sim"
"675","65","todo-um","SG","2","5",14703,31,"masculino","Mest. Incompleto","sim"
"676","65","um-todo","SG","12","5",5491,31,"masculino","Mest. Incompleto","sim"
"677","65","todo-um","SG","10","5",10056,31,"masculino","Mest. Incompleto","sim"
"678","65","todo-um","PL","3","4",10185,31,"masculino","Mest. Incompleto","sim"
"679","65","todo-um","SG","6","5",15433,31,"masculino","Mest. Incompleto","sim"
"680","65","todo-um","PL","7","2",7096,31,"masculino","Mest. Incompleto","sim"
"681","65","um-todo","PL","5","5",5023,31,"masculino","Mest. Incompleto","sim"
"682","65","um-todo","PL","9","5",4594,31,"masculino","Mest. Incompleto","sim"
"683","66","um-todo","PL","6","4",16839,28,"masculino","Dout. Incompleto","sim"
"684","66","um-todo","PL","10","4",6435,28,"masculino","Dout. Incompleto","sim"
"685","66","um-todo","SG","1","5",5609,28,"masculino","Dout. Incompleto","sim"
"686","66","todo-um","PL","12","2",5044,28,"masculino","Dout. Incompleto","sim"
"687","66","um-todo","SG","5","3",6611,28,"masculino","Dout. Incompleto","sim"
"688","66","um-todo","PL","2","4",7425,28,"masculino","Dout. Incompleto","sim"
"689","66","todo-um","PL","4","2",23638,28,"masculino","Dout. Incompleto","sim"
"690","66","todo-um","PL","8","1",5426,28,"masculino","Dout. Incompleto","sim"
"691","66","um-todo","SG","9","4",4493,28,"masculino","Dout. Incompleto","sim"
"692","66","todo-um","SG","3","5",5669,28,"masculino","Dout. Incompleto","sim"
"693","66","todo-um","SG","7","3",5833,28,"masculino","Dout. Incompleto","sim"
"694","67","todo-um","PL","6","4",23246,45,"feminino","Dout. Completo","sim"
"695","67","todo-um","PL","2","1",13405,45,"feminino","Dout. Completo","sim"
"696","67","um-todo","PL","8","5",11054,45,"feminino","Dout. Completo","sim"
"697","67","todo-um","SG","5","4",17419,45,"feminino","Dout. Completo","sim"
"698","67","todo-um","SG","1","5",13565,45,"feminino","Dout. Completo","sim"
"699","67","um-todo","PL","4","5",19725,45,"feminino","Dout. Completo","sim"
"700","67","um-todo","PL","12","5",32058,45,"feminino","Dout. Completo","sim"
"701","67","um-todo","SG","3","5",21198,45,"feminino","Dout. Completo","sim"
"702","67","todo-um","SG","9","1",22931,45,"feminino","Dout. Completo","sim"
"703","67","um-todo","SG","7","5",10039,45,"feminino","Dout. Completo","sim"
"704","67","todo-um","PL","10","1",14314,45,"feminino","Dout. Completo","sim"
"705","68","todo-um","PL","1","1",9287,28,"feminino","Sup. Incompleto","sim"
"706","68","um-todo","SG","6","5",7101,28,"feminino","Sup. Incompleto","sim"
"707","68","um-todo","SG","10","5",7936,28,"feminino","Sup. Incompleto","sim"
"708","68","um-todo","PL","3","1",5270,28,"feminino","Sup. Incompleto","sim"
"709","68","todo-um","PL","5","2",7664,28,"feminino","Sup. Incompleto","sim"
"710","68","todo-um","SG","8","1",6303,28,"feminino","Sup. Incompleto","sim"
"711","68","um-todo","SG","2","5",11608,28,"feminino","Sup. Incompleto","sim"
"712","68","todo-um","SG","12","5",4392,28,"feminino","Sup. Incompleto","sim"
"713","68","um-todo","PL","7","5",9364,28,"feminino","Sup. Incompleto","sim"
"714","68","todo-um","PL","9","1",4148,28,"feminino","Sup. Incompleto","sim"
"715","68","todo-um","SG","4","5",3582,28,"feminino","Sup. Incompleto","sim"
"716","69","um-todo","PL","5","3",48375,32,"feminino","Mest. Completo","sim"
"717","69","um-todo","SG","4","4",20776,32,"feminino","Mest. Completo","sim"
"718","69","um-todo","PL","1","3",19281,32,"feminino","Mest. Completo","sim"
"719","69","todo-um","SG","2","5",9383,32,"feminino","Mest. Completo","sim"
"720","69","um-todo","PL","9","1",7785,32,"feminino","Mest. Completo","sim"
"721","69","um-todo","SG","8","3",12560,32,"feminino","Mest. Completo","sim"
"722","69","um-todo","SG","12","3",16032,32,"feminino","Mest. Completo","sim"
"723","69","todo-um","PL","7","1",8324,32,"feminino","Mest. Completo","sim"
"724","69","todo-um","SG","10","5",11842,32,"feminino","Mest. Completo","sim"
"725","69","todo-um","PL","3","1",8918,32,"feminino","Mest. Completo","sim"
"726","69","todo-um","SG","6","5",15264,32,"feminino","Mest. Completo","sim"
"727","70","um-todo","PL","6","3",10509,34,"masculino","Sup. Completo","sim"
"728","70","todo-um","SG","7","1",7236,34,"masculino","Sup. Completo","sim"
"729","70","um-todo","PL","10","3",7387,34,"masculino","Sup. Completo","sim"
"730","70","todo-um","PL","8","1",7567,34,"masculino","Sup. Completo","sim"
"731","70","um-todo","SG","5","1",5020,34,"masculino","Sup. Completo","sim"
"732","70","todo-um","PL","4","1",4077,34,"masculino","Sup. Completo","sim"
"733","70","um-todo","SG","9","1",3394,34,"masculino","Sup. Completo","sim"
"734","70","um-todo","SG","1","5",8349,34,"masculino","Sup. Completo","sim"
"735","70","todo-um","PL","12","1",6724,34,"masculino","Sup. Completo","sim"
"736","70","todo-um","SG","3","1",4012,34,"masculino","Sup. Completo","sim"
"737","70","um-todo","PL","2","1",6508,34,"masculino","Sup. Completo","sim"
"738","71","um-todo","SG","1","5",9103,40,"feminino","Espec. Completo","sim"
"739","71","todo-um","PL","12","5",8964,40,"feminino","Espec. Completo","sim"
"740","71","um-todo","PL","10","5",9841,40,"feminino","Espec. Completo","sim"
"741","71","um-todo","PL","2","5",6715,40,"feminino","Espec. Completo","sim"
"742","71","todo-um","SG","3","5",5314,40,"feminino","Espec. Completo","sim"
"743","71","todo-um","PL","4","5",35585,40,"feminino","Espec. Completo","sim"
"744","71","um-todo","SG","9","5",6615,40,"feminino","Espec. Completo","sim"
"745","71","um-todo","PL","6","5",7295,40,"feminino","Espec. Completo","sim"
"746","71","todo-um","PL","8","2",9158,40,"feminino","Espec. Completo","sim"
"747","71","todo-um","SG","7","5",5028,40,"feminino","Espec. Completo","sim"
"748","71","um-todo","SG","5","5",3454,40,"feminino","Espec. Completo","sim"
"749","72","todo-um","PL","5","1",7998,19,"feminino","Sup. Incompleto","sim"
"750","72","todo-um","PL","9","1",6865,19,"feminino","Sup. Incompleto","sim"
"751","72","um-todo","SG","6","4",11056,19,"feminino","Sup. Incompleto","sim"
"752","72","todo-um","SG","4","5",90865,19,"feminino","Sup. Incompleto","sim"
"753","72","um-todo","PL","3","1",5744,19,"feminino","Sup. Incompleto","sim"
"754","72","um-todo","SG","2","5",602557,19,"feminino","Sup. Incompleto","sim"
"755","72","todo-um","SG","12","5",4414,19,"feminino","Sup. Incompleto","sim"
"756","72","um-todo","SG","10","5",4465,19,"feminino","Sup. Incompleto","sim"
"757","72","todo-um","PL","1","1",8722,19,"feminino","Sup. Incompleto","sim"
"758","72","um-todo","PL","7","4",5557,19,"feminino","Sup. Incompleto","sim"
"759","72","todo-um","SG","8","5",2776,19,"feminino","Sup. Incompleto","sim"
"760","73","todo-um","PL","5","1",10433,27,"feminino","Dout. Incompleto","sim"
"761","73","todo-um","SG","4","5",10158,27,"feminino","Dout. Incompleto","sim"
"762","73","um-todo","SG","10","5",7784,27,"feminino","Dout. Incompleto","sim"
"763","73","um-todo","PL","3","5",7151,27,"feminino","Dout. Incompleto","sim"
"764","73","todo-um","PL","1","1",9641,27,"feminino","Dout. Incompleto","sim"
"765","73","um-todo","SG","6","5",123988,27,"feminino","Dout. Incompleto","sim"
"766","73","todo-um","SG","8","3",15658,27,"feminino","Dout. Incompleto","sim"
"767","73","um-todo","PL","7","5",9448,27,"feminino","Dout. Incompleto","sim"
"768","73","todo-um","SG","12","5",9566,27,"feminino","Dout. Incompleto","sim"
"769","73","todo-um","PL","9","1",10415,27,"feminino","Dout. Incompleto","sim"
"770","73","um-todo","SG","2","5",8333,27,"feminino","Dout. Incompleto","sim"
"771","74","um-todo","PL","6","5",15175,32,"feminino","Mest. Completo","sim"
"772","74","um-todo","SG","9","1",8368,32,"feminino","Mest. Completo","sim"
"773","74","um-todo","PL","10","5",9839,32,"feminino","Mest. Completo","sim"
"774","74","um-todo","SG","5","5",15960,32,"feminino","Mest. Completo","sim"
"775","74","todo-um","SG","3","5",10557,32,"feminino","Mest. Completo","sim"
"776","74","todo-um","PL","12","1",8928,32,"feminino","Mest. Completo","sim"
"777","74","todo-um","PL","8","5",15384,32,"feminino","Mest. Completo","sim"
"778","74","um-todo","PL","2","5",10780,32,"feminino","Mest. Completo","sim"
"779","74","um-todo","SG","1","5",6179,32,"feminino","Mest. Completo","sim"
"780","74","todo-um","SG","7","5",7993,32,"feminino","Mest. Completo","sim"
"781","74","todo-um","PL","4","1",6557,32,"feminino","Mest. Completo","sim"
"782","76","todo-um","SG","8","2",9231,28,"masculino","Mest. Incompleto","sim"
"783","76","todo-um","SG","12","5",11080,28,"masculino","Mest. Incompleto","sim"
"784","76","um-todo","SG","2","5",16903,28,"masculino","Mest. Incompleto","sim"
"785","76","um-todo","SG","10","5",8888,28,"masculino","Mest. Incompleto","sim"
"786","76","um-todo","PL","3","1",11243,28,"masculino","Mest. Incompleto","sim"
"787","76","todo-um","SG","4","3",7437,28,"masculino","Mest. Incompleto","sim"
"788","76","um-todo","SG","6","5",7105,28,"masculino","Mest. Incompleto","sim"
"789","76","todo-um","PL","1","1",9737,28,"masculino","Mest. Incompleto","sim"
"790","76","um-todo","PL","7","4",16704,28,"masculino","Mest. Incompleto","sim"
"791","76","todo-um","PL","5","1",8850,28,"masculino","Mest. Incompleto","sim"
"792","76","todo-um","PL","9","1",11275,28,"masculino","Mest. Incompleto","sim"
"793","77","todo-um","SG","5","5",7489,30,"feminino","Dout. Incompleto","sim"
"794","77","um-todo","PL","12","5",13151,30,"feminino","Dout. Incompleto","sim"
"795","77","todo-um","SG","9","5",26254,30,"feminino","Dout. Incompleto","sim"
"796","77","um-todo","SG","7","5",6230,30,"feminino","Dout. Incompleto","sim"
"797","77","um-todo","PL","8","5",4420,30,"feminino","Dout. Incompleto","sim"
"798","77","um-todo","SG","3","5",20709,30,"feminino","Dout. Incompleto","sim"
"799","77","todo-um","PL","10","1",4706,30,"feminino","Dout. Incompleto","sim"
"800","77","todo-um","PL","6","1",6009,30,"feminino","Dout. Incompleto","sim"
"801","77","todo-um","SG","1","5",6325,30,"feminino","Dout. Incompleto","sim"
"802","77","todo-um","PL","2","5",5725,30,"feminino","Dout. Incompleto","sim"
"803","77","um-todo","PL","4","1",4437,30,"feminino","Dout. Incompleto","sim"
"804","78","todo-um","PL","1","1",8916,20,"feminino","Sup. Incompleto","sim"
"805","78","todo-um","PL","9","2",8531,20,"feminino","Sup. Incompleto","sim"
"806","78","um-todo","SG","2","5",7848,20,"feminino","Sup. Incompleto","sim"
"807","78","todo-um","PL","5","2",12453,20,"feminino","Sup. Incompleto","sim"
"808","78","um-todo","PL","7","5",11047,20,"feminino","Sup. Incompleto","sim"
"809","78","um-todo","SG","6","5",6454,20,"feminino","Sup. Incompleto","sim"
"810","78","todo-um","SG","12","5",44890,20,"feminino","Sup. Incompleto","sim"
"811","78","todo-um","SG","8","1",5434,20,"feminino","Sup. Incompleto","sim"
"812","78","um-todo","SG","10","3",5911,20,"feminino","Sup. Incompleto","sim"
"813","78","um-todo","PL","3","5",6682,20,"feminino","Sup. Incompleto","sim"
"814","78","todo-um","SG","4","5",4960,20,"feminino","Sup. Incompleto","sim"
"815","79","um-todo","PL","7","5",43254,44,"masculino","Sup. Completo","sim"
"816","79","um-todo","SG","2","5",24373,44,"masculino","Sup. Completo","sim"
"817","79","todo-um","SG","12","5",27062,44,"masculino","Sup. Completo","sim"
"818","79","um-todo","SG","6","5",46525,44,"masculino","Sup. Completo","sim"
"819","79","todo-um","PL","1","1",29397,44,"masculino","Sup. Completo","sim"
"820","79","todo-um","SG","8","5",24307,44,"masculino","Sup. Completo","sim"
"821","79","um-todo","SG","10","5",32300,44,"masculino","Sup. Completo","sim"
"822","79","todo-um","PL","9","1",21630,44,"masculino","Sup. Completo","sim"
"823","79","todo-um","PL","5","2",33881,44,"masculino","Sup. Completo","sim"
"824","79","um-todo","PL","3","4",27527,44,"masculino","Sup. Completo","sim"
"825","79","todo-um","SG","4","5",26442,44,"masculino","Sup. Completo","sim"
"826","80","um-todo","PL","10","4",19376,22,"feminino","Sup. Incompleto","sim"
"827","80","todo-um","SG","7","3",10824,22,"feminino","Sup. Incompleto","sim"
"828","80","todo-um","PL","4","2",9510,22,"feminino","Sup. Incompleto","sim"
"829","80","um-todo","PL","2","5",13750,22,"feminino","Sup. Incompleto","sim"
"830","80","todo-um","PL","8","2",9217,22,"feminino","Sup. Incompleto","sim"
"831","80","todo-um","PL","12","2",21176,22,"feminino","Sup. Incompleto","sim"
"832","80","um-todo","SG","9","5",4975,22,"feminino","Sup. Incompleto","sim"
"833","80","um-todo","SG","5","4",7140,22,"feminino","Sup. Incompleto","sim"
"834","80","um-todo","SG","1","3",7215,22,"feminino","Sup. Incompleto","sim"
"835","80","todo-um","SG","3","3",10844,22,"feminino","Sup. Incompleto","sim"
"836","80","um-todo","PL","6","3",12580,22,"feminino","Sup. Incompleto","sim"
"837","82","um-todo","PL","12","4",18133,46,"feminino","Espec. Completo","sim"
"838","82","todo-um","SG","9","2",14323,46,"feminino","Espec. Completo","sim"
"839","82","um-todo","PL","4","2",14955,46,"feminino","Espec. Completo","sim"
"840","82","todo-um","PL","6","2",12584,46,"feminino","Espec. Completo","sim"
"841","82","um-todo","SG","7","5",11708,46,"feminino","Espec. Completo","sim"
"842","82","todo-um","PL","10","3",7911,46,"feminino","Espec. Completo","sim"
"843","82","um-todo","PL","8","5",5908,46,"feminino","Espec. Completo","sim"
"844","82","todo-um","PL","2","1",16245,46,"feminino","Espec. Completo","sim"
"845","82","um-todo","SG","3","5",10250,46,"feminino","Espec. Completo","sim"
"846","82","todo-um","SG","5","5",5618,46,"feminino","Espec. Completo","sim"
"847","82","todo-um","SG","1","5",6259,46,"feminino","Espec. Completo","sim"
"848","83","todo-um","SG","9","1",11473,33,"masculino","Mest. Completo","sim"
"849","83","um-todo","PL","8","5",8983,33,"masculino","Mest. Completo","sim"
"850","83","todo-um","SG","5","1",12026,33,"masculino","Mest. Completo","sim"
"851","83","todo-um","PL","6","1",11272,33,"masculino","Mest. Completo","sim"
"852","83","um-todo","SG","3","1",7140,33,"masculino","Mest. Completo","sim"
"853","83","um-todo","SG","7","5",8664,33,"masculino","Mest. Completo","sim"
"854","83","todo-um","SG","1","5",7462,33,"masculino","Mest. Completo","sim"
"855","83","um-todo","PL","12","5",5594,33,"masculino","Mest. Completo","sim"
"856","83","todo-um","PL","10","1",8608,33,"masculino","Mest. Completo","sim"
"857","83","um-todo","PL","4","1",5663,33,"masculino","Mest. Completo","sim"
"858","83","todo-um","PL","2","1",5959,33,"masculino","Mest. Completo","sim"
"859","84","todo-um","SG","3","3",10071,20,"feminino","Sup. Incompleto","sim"
"860","84","um-todo","PL","10","4",17282,20,"feminino","Sup. Incompleto","sim"
"861","84","um-todo","SG","1","5",20887,20,"feminino","Sup. Incompleto","sim"
"862","84","todo-um","PL","8","1",13544,20,"feminino","Sup. Incompleto","sim"
"863","84","todo-um","PL","12","1",7856,20,"feminino","Sup. Incompleto","sim"
"864","84","um-todo","SG","5","2",19539,20,"feminino","Sup. Incompleto","sim"
"865","84","um-todo","PL","6","5",79070,20,"feminino","Sup. Incompleto","sim"
"866","84","todo-um","PL","4","1",15149,20,"feminino","Sup. Incompleto","sim"
"867","84","um-todo","SG","9","4",13451,20,"feminino","Sup. Incompleto","sim"
"868","84","todo-um","SG","7","3",21204,20,"feminino","Sup. Incompleto","sim"
"869","84","um-todo","PL","2","1",11614,20,"feminino","Sup. Incompleto","sim"
"870","85","um-todo","PL","1","4",11275,45,"masculino","Sup. Completo","sim"
"871","85","todo-um","PL","7","1",14987,45,"masculino","Sup. Completo","sim"
"872","85","todo-um","SG","6","4",13001,45,"masculino","Sup. Completo","sim"
"873","85","um-todo","PL","9","4",9020,45,"masculino","Sup. Completo","sim"
"874","85","um-todo","SG","12","2",16551,45,"masculino","Sup. Completo","sim"
"875","85","um-todo","SG","8","2",10184,45,"masculino","Sup. Completo","sim"
"876","85","todo-um","PL","3","2",9143,45,"masculino","Sup. Completo","sim"
"877","85","todo-um","SG","10","5",9117,45,"masculino","Sup. Completo","sim"
"878","85","um-todo","SG","4","5",8836,45,"masculino","Sup. Completo","sim"
"879","85","um-todo","PL","5","2",13946,45,"masculino","Sup. Completo","sim"
"880","85","todo-um","SG","2","5",12123,45,"masculino","Sup. Completo","sim"
"881","86","um-todo","PL","4","1",6558,30,"masculino","Dout. Completo","sim"
"882","86","todo-um","PL","6","4",9791,30,"masculino","Dout. Completo","sim"
"883","86","todo-um","SG","1","5",7364,30,"masculino","Dout. Completo","sim"
"884","86","todo-um","SG","9","5",5594,30,"masculino","Dout. Completo","sim"
"885","86","um-todo","PL","8","5",6325,30,"masculino","Dout. Completo","sim"
"886","86","todo-um","PL","2","5",9526,30,"masculino","Dout. Completo","sim"
"887","86","todo-um","SG","5","5",4524,30,"masculino","Dout. Completo","sim"
"888","86","um-todo","PL","12","5",4676,30,"masculino","Dout. Completo","sim"
"889","86","um-todo","SG","3","5",3436,30,"masculino","Dout. Completo","sim"
"890","86","todo-um","PL","10","5",14402,30,"masculino","Dout. Completo","sim"
"891","86","um-todo","SG","7","5",3925,30,"masculino","Dout. Completo","sim"
"892","88","um-todo","SG","5","3",24183,31,"feminino","Sup. Incompleto","sim"
"893","88","todo-um","PL","8","1",15750,31,"feminino","Sup. Incompleto","sim"
"894","88","um-todo","SG","1","3",46849,31,"feminino","Sup. Incompleto","sim"
"895","88","todo-um","PL","4","1",8627,31,"feminino","Sup. Incompleto","sim"
"896","88","todo-um","SG","7","1",34435,31,"feminino","Sup. Incompleto","sim"
"897","88","um-todo","SG","9","3",30153,31,"feminino","Sup. Incompleto","sim"
"898","88","um-todo","PL","10","3",18868,31,"feminino","Sup. Incompleto","sim"
"899","88","todo-um","SG","3","3",28179,31,"feminino","Sup. Incompleto","sim"
"900","88","um-todo","PL","2","1",31430,31,"feminino","Sup. Incompleto","sim"
"901","88","todo-um","PL","12","1",10974,31,"feminino","Sup. Incompleto","sim"
"902","88","um-todo","PL","6","1",43032,31,"feminino","Sup. Incompleto","sim"
"903","89","todo-um","SG","2","5",8153,41,"masculino","Espec. Completo","sim"
"904","89","todo-um","SG","6","3",12957,41,"masculino","Espec. Completo","sim"
"905","89","um-todo","SG","12","4",10667,41,"masculino","Espec. Completo","sim"
"906","89","um-todo","PL","1","5",7272,41,"masculino","Espec. Completo","sim"
"907","89","um-todo","SG","8","4",5601,41,"masculino","Espec. Completo","sim"
"908","89","um-todo","PL","5","5",7781,41,"masculino","Espec. Completo","sim"
"909","89","todo-um","PL","3","2",11078,41,"masculino","Espec. Completo","sim"
"910","89","todo-um","SG","10","5",7787,41,"masculino","Espec. Completo","sim"
"911","89","um-todo","SG","4","5",5411,41,"masculino","Espec. Completo","sim"
"912","89","um-todo","PL","9","5",9800,41,"masculino","Espec. Completo","sim"
"913","89","todo-um","PL","7","2",7691,41,"masculino","Espec. Completo","sim"
"914","90","todo-um","SG","1","5",10627,35,"feminino","Dout. Incompleto","sim"
"915","90","todo-um","SG","5","4",18053,35,"feminino","Dout. Incompleto","sim"
"916","90","um-todo","PL","8","4",13489,35,"feminino","Dout. Incompleto","sim"
"917","90","todo-um","PL","6","2",13204,35,"feminino","Dout. Incompleto","sim"
"918","90","todo-um","PL","2","2",10405,35,"feminino","Dout. Incompleto","sim"
"919","90","um-todo","PL","12","4",9016,35,"feminino","Dout. Incompleto","sim"
"920","90","um-todo","PL","4","4",10734,35,"feminino","Dout. Incompleto","sim"
"921","90","todo-um","PL","10","2",13389,35,"feminino","Dout. Incompleto","sim"
"922","90","todo-um","SG","9","4",9355,35,"feminino","Dout. Incompleto","sim"
"923","90","um-todo","SG","7","4",7442,35,"feminino","Dout. Incompleto","sim"
"924","90","um-todo","SG","3","3",8312,35,"feminino","Dout. Incompleto","sim"
"925","91","todo-um","SG","12","4",15855,20,"feminino","Sup. Incompleto","sim"
"926","91","um-todo","PL","7","5",10958,20,"feminino","Sup. Incompleto","sim"
"927","91","todo-um","PL","1","2",12987,20,"feminino","Sup. Incompleto","sim"
"928","91","um-todo","PL","3","5",9865,20,"feminino","Sup. Incompleto","sim"
"929","91","um-todo","SG","6","5",7821,20,"feminino","Sup. Incompleto","sim"
"930","91","todo-um","SG","4","1",5703,20,"feminino","Sup. Incompleto","sim"
"931","91","todo-um","SG","8","3",8932,20,"feminino","Sup. Incompleto","sim"
"932","91","todo-um","PL","9","4",22842,20,"feminino","Sup. Incompleto","sim"
"933","91","um-todo","SG","2","5",85604,20,"feminino","Sup. Incompleto","sim"
"934","91","um-todo","SG","10","5",6271,20,"feminino","Sup. Incompleto","sim"
"935","91","todo-um","PL","5","1",8822,20,"feminino","Sup. Incompleto","sim"
"936","92","todo-um","PL","12","1",101443,26,"feminino","Mest. Incompleto","sim"
"937","92","um-todo","SG","9","5",26412,26,"feminino","Mest. Incompleto","sim"
"938","92","um-todo","PL","2","4",64866,26,"feminino","Mest. Incompleto","sim"
"939","92","todo-um","PL","4","2",66522,26,"feminino","Mest. Incompleto","sim"
"940","92","todo-um","SG","7","4",51970,26,"feminino","Mest. Incompleto","sim"
"941","92","um-todo","PL","6","2",79768,26,"feminino","Mest. Incompleto","sim"
"942","92","todo-um","SG","3","5",15180,26,"feminino","Mest. Incompleto","sim"
"943","92","todo-um","PL","8","1",12139,26,"feminino","Mest. Incompleto","sim"
"944","92","um-todo","SG","5","5",11135,26,"feminino","Mest. Incompleto","sim"
"945","92","um-todo","SG","1","5",10282,26,"feminino","Mest. Incompleto","sim"
"946","92","um-todo","PL","10","5",20918,26,"feminino","Mest. Incompleto","sim"
"947","93","todo-um","PL","2","5",5830,38,"feminino","Sup. Completo","sim"
"948","93","todo-um","SG","5","5",4284,38,"feminino","Sup. Completo","sim"
"949","93","um-todo","PL","12","5",2505,38,"feminino","Sup. Completo","sim"
"950","93","um-todo","SG","3","5",3394,38,"feminino","Sup. Completo","sim"
"951","93","um-todo","PL","4","5",3737,38,"feminino","Sup. Completo","sim"
"952","93","todo-um","SG","9","5",6506,38,"feminino","Sup. Completo","sim"
"953","93","um-todo","SG","7","5",3264,38,"feminino","Sup. Completo","sim"
"954","93","um-todo","PL","8","5",3411,38,"feminino","Sup. Completo","sim"
"955","93","todo-um","PL","10","1",7899,38,"feminino","Sup. Completo","sim"
"956","93","todo-um","PL","6","5",13168,38,"feminino","Sup. Completo","sim"
"957","93","todo-um","SG","1","5",4487,38,"feminino","Sup. Completo","sim"
"958","94","um-todo","SG","10","5",5979,38,"feminino","Sup. Completo","sim"
"959","94","um-todo","SG","6","5",4737,38,"feminino","Sup. Completo","sim"
"960","94","todo-um","PL","1","1",10894,38,"feminino","Sup. Completo","sim"
"961","94","um-todo","PL","3","5",4784,38,"feminino","Sup. Completo","sim"
"962","94","todo-um","PL","9","1",4772,38,"feminino","Sup. Completo","sim"
"963","94","todo-um","SG","12","1",5034,38,"feminino","Sup. Completo","sim"
"964","94","todo-um","PL","5","1",5536,38,"feminino","Sup. Completo","sim"
"965","94","todo-um","SG","8","5",7113,38,"feminino","Sup. Completo","sim"
"966","94","um-todo","SG","2","5",8015,38,"feminino","Sup. Completo","sim"
"967","94","um-todo","PL","7","5",7824,38,"feminino","Sup. Completo","sim"
"968","94","todo-um","SG","4","5",6626,38,"feminino","Sup. Completo","sim"
"969","95","um-todo","PL","10","1",13279,21,"feminino","Sup. Incompleto","sim"
"970","95","todo-um","PL","8","1",14310,21,"feminino","Sup. Incompleto","sim"
"971","95","um-todo","PL","2","1",10901,21,"feminino","Sup. Incompleto","sim"
"972","95","todo-um","SG","7","5",7143,21,"feminino","Sup. Incompleto","sim"
"973","95","todo-um","PL","12","1",7371,21,"feminino","Sup. Incompleto","sim"
"974","95","um-todo","PL","6","1",12310,21,"feminino","Sup. Incompleto","sim"
"975","95","um-todo","SG","5","5",17238,21,"feminino","Sup. Incompleto","sim"
"976","95","todo-um","PL","4","1",8319,21,"feminino","Sup. Incompleto","sim"
"977","95","um-todo","SG","1","1",11300,21,"feminino","Sup. Incompleto","sim"
"978","95","todo-um","SG","3","1",8424,21,"feminino","Sup. Incompleto","sim"
"979","95","um-todo","SG","9","4",11062,21,"feminino","Sup. Incompleto","sim"
"980","96","todo-um","PL","3","5",5593,21,"feminino","Sup. Incompleto","sim"
"981","96","um-todo","PL","1","1",33737,21,"feminino","Sup. Incompleto","sim"
"982","96","um-todo","PL","9","5",4047,21,"feminino","Sup. Incompleto","sim"
"983","96","um-todo","SG","12","2",1191,21,"feminino","Sup. Incompleto","sim"
"984","96","todo-um","PL","7","2",634,21,"feminino","Sup. Incompleto","sim"
"985","96","um-todo","SG","4","5",438,21,"feminino","Sup. Incompleto","sim"
"986","96","todo-um","SG","10","5",431,21,"feminino","Sup. Incompleto","sim"
"987","96","um-todo","PL","5","5",18655,21,"feminino","Sup. Incompleto","sim"
"988","96","todo-um","SG","2","3",11513,21,"feminino","Sup. Incompleto","sim"
"989","96","um-todo","SG","8","5",5592,21,"feminino","Sup. Incompleto","sim"
"990","96","todo-um","SG","6","5",689,21,"feminino","Sup. Incompleto","sim"
"991","98","todo-um","PL","3","1",6797,20,"feminino","Sup. Incompleto","sim"
"992","98","um-todo","PL","5","1",17045,20,"feminino","Sup. Incompleto","sim"
"993","98","todo-um","SG","10","5",6900,20,"feminino","Sup. Incompleto","sim"
"994","98","todo-um","SG","2","5",14436,20,"feminino","Sup. Incompleto","sim"
"995","98","todo-um","SG","6","4",8715,20,"feminino","Sup. Incompleto","sim"
"996","98","um-todo","PL","1","1",17684,20,"feminino","Sup. Incompleto","sim"
"997","98","um-todo","SG","12","4",9997,20,"feminino","Sup. Incompleto","sim"
"998","98","um-todo","SG","4","5",6236,20,"feminino","Sup. Incompleto","sim"
"999","98","todo-um","PL","7","1",8215,20,"feminino","Sup. Incompleto","sim"
"1000","98","um-todo","PL","9","5",8701,20,"feminino","Sup. Incompleto","sim"
"1001","98","um-todo","SG","8","5",5177,20,"feminino","Sup. Incompleto","sim"
"1002","99","todo-um","SG","5","4",14971,20,"feminino","Sup. Incompleto","sim"
"1003","99","todo-um","PL","10","2",12806,20,"feminino","Sup. Incompleto","sim"
"1004","99","todo-um","SG","1","5",9338,20,"feminino","Sup. Incompleto","sim"
"1005","99","todo-um","PL","6","1",18392,20,"feminino","Sup. Incompleto","sim"
"1006","99","um-todo","SG","3","5",8527,20,"feminino","Sup. Incompleto","sim"
"1007","99","todo-um","SG","9","2",12548,20,"feminino","Sup. Incompleto","sim"
"1008","99","um-todo","SG","7","5",5847,20,"feminino","Sup. Incompleto","sim"
"1009","99","um-todo","PL","8","5",6410,20,"feminino","Sup. Incompleto","sim"
"1010","99","todo-um","PL","2","2",7659,20,"feminino","Sup. Incompleto","sim"
"1011","99","um-todo","PL","12","1",11824,20,"feminino","Sup. Incompleto","sim"
"1012","99","um-todo","PL","4","2",29894,20,"feminino","Sup. Incompleto","sim"
"1013","100","um-todo","PL","9","4",11192,21,"feminino","Sup. Incompleto","sim"
"1014","100","um-todo","SG","4","5",13211,21,"feminino","Sup. Incompleto","sim"
"1015","100","todo-um","PL","3","1",8615,21,"feminino","Sup. Incompleto","sim"
"1016","100","um-todo","SG","12","5",6240,21,"feminino","Sup. Incompleto","sim"
"1017","100","todo-um","SG","2","4",9959,21,"feminino","Sup. Incompleto","sim"
"1018","100","um-todo","PL","5","5",8053,21,"feminino","Sup. Incompleto","sim"
"1019","100","todo-um","SG","6","4",8096,21,"feminino","Sup. Incompleto","sim"
"1020","100","um-todo","PL","1","5",12634,21,"feminino","Sup. Incompleto","sim"
"1021","100","um-todo","SG","8","5",4317,21,"feminino","Sup. Incompleto","sim"
"1022","100","todo-um","SG","10","5",7969,21,"feminino","Sup. Incompleto","sim"
"1023","100","todo-um","PL","7","1",5039,21,"feminino","Sup. Incompleto","sim"
"1024","101","um-todo","PL","10","5",7220,20,"masculino","Sup. Incompleto","sim"
"1025","101","um-todo","PL","6","2",16653,20,"masculino","Sup. Incompleto","sim"
"1026","101","todo-um","PL","4","5",9720,20,"masculino","Sup. Incompleto","sim"
"1027","101","todo-um","PL","8","2",8205,20,"masculino","Sup. Incompleto","sim"
"1028","101","todo-um","SG","3","4",5628,20,"masculino","Sup. Incompleto","sim"
"1029","101","um-todo","SG","9","5",7054,20,"masculino","Sup. Incompleto","sim"
"1030","101","um-todo","PL","2","3",9810,20,"masculino","Sup. Incompleto","sim"
"1031","101","todo-um","PL","12","3",5553,20,"masculino","Sup. Incompleto","sim"
"1032","101","um-todo","SG","1","5",23542,20,"masculino","Sup. Incompleto","sim"
"1033","101","todo-um","SG","7","4",7040,20,"masculino","Sup. Incompleto","sim"
"1034","101","um-todo","SG","5","5",4899,20,"masculino","Sup. Incompleto","sim"
"1035","102","todo-um","PL","3","1",16514,23,"feminino","Medio Completo","sim"
"1036","102","todo-um","SG","10","5",8117,23,"feminino","Medio Completo","sim"
"1037","102","um-todo","PL","1","5",12559,23,"feminino","Medio Completo","sim"
"1038","102","um-todo","PL","5","1",10574,23,"feminino","Medio Completo","sim"
"1039","102","um-todo","SG","12","5",7343,23,"feminino","Medio Completo","sim"
"1040","102","todo-um","SG","6","1",10934,23,"feminino","Medio Completo","sim"
"1041","102","todo-um","SG","2","1",9850,23,"feminino","Medio Completo","sim"
"1042","102","todo-um","PL","7","1",11803,23,"feminino","Medio Completo","sim"
"1043","102","um-todo","PL","9","4",14963,23,"feminino","Medio Completo","sim"
"1044","102","um-todo","SG","8","5",7347,23,"feminino","Medio Completo","sim"
"1045","102","um-todo","SG","4","5",9504,23,"feminino","Medio Completo","sim"
"1046","103","um-todo","PL","9","4",8209,21,"feminino","Sup. Incompleto","sim"
"1047","103","um-todo","PL","5","4",8268,21,"feminino","Sup. Incompleto","sim"
"1048","103","um-todo","PL","1","4",20740,21,"feminino","Sup. Incompleto","sim"
"1049","103","todo-um","PL","3","2",11610,21,"feminino","Sup. Incompleto","sim"
"1050","103","todo-um","SG","10","1",449703,21,"feminino","Sup. Incompleto","sim"
"1051","103","um-todo","SG","12","4",16478,21,"feminino","Sup. Incompleto","sim"
"1052","103","um-todo","SG","8","4",5130,21,"feminino","Sup. Incompleto","sim"
"1053","103","todo-um","SG","2","4",5145,21,"feminino","Sup. Incompleto","sim"
"1054","103","um-todo","SG","4","3",1089,21,"feminino","Sup. Incompleto","sim"
"1055","103","todo-um","PL","7","5",1688,21,"feminino","Sup. Incompleto","sim"
"1056","103","todo-um","SG","6","5",1180,21,"feminino","Sup. Incompleto","sim"
"1057","104","todo-um","SG","1","1",29251,20,"feminino","Sup. Incompleto","sim"
"1058","104","todo-um","SG","5","3",17749,20,"feminino","Sup. Incompleto","sim"
"1059","104","um-todo","PL","8","5",13967,20,"feminino","Sup. Incompleto","sim"
"1060","104","todo-um","PL","10","2",19405,20,"feminino","Sup. Incompleto","sim"
"1061","104","todo-um","SG","9","5",13737,20,"feminino","Sup. Incompleto","sim"
"1062","104","um-todo","PL","4","2",9091,20,"feminino","Sup. Incompleto","sim"
"1063","104","um-todo","SG","3","5",6676,20,"feminino","Sup. Incompleto","sim"
"1064","104","todo-um","PL","6","1",10583,20,"feminino","Sup. Incompleto","sim"
"1065","104","todo-um","PL","2","4",15891,20,"feminino","Sup. Incompleto","sim"
"1066","104","um-todo","SG","7","5",6277,20,"feminino","Sup. Incompleto","sim"
"1067","104","um-todo","PL","12","1",12341,20,"feminino","Sup. Incompleto","sim"
"1068","105","todo-um","SG","5","4",13354,22,"feminino","Sup. Incompleto","sim"
"1069","105","todo-um","SG","9","4",20962,22,"feminino","Sup. Incompleto","sim"
"1070","105","todo-um","PL","2","2",24865,22,"feminino","Sup. Incompleto","sim"
"1071","105","todo-um","SG","1","4",8249,22,"feminino","Sup. Incompleto","sim"
"1072","105","um-todo","SG","3","4",16543,22,"feminino","Sup. Incompleto","sim"
"1073","105","um-todo","PL","8","4",6683,22,"feminino","Sup. Incompleto","sim"
"1074","105","um-todo","SG","7","4",39268,22,"feminino","Sup. Incompleto","sim"
"1075","105","um-todo","PL","12","4",9399,22,"feminino","Sup. Incompleto","sim"
"1076","105","todo-um","PL","6","3",36413,22,"feminino","Sup. Incompleto","sim"
"1077","105","todo-um","PL","10","2",59742,22,"feminino","Sup. Incompleto","sim"
"1078","105","um-todo","PL","4","3",14767,22,"feminino","Sup. Incompleto","sim"
"1079","106","um-todo","PL","6","3",29541,22,"feminino","Sup. Incompleto","sim"
"1080","106","todo-um","SG","3","4",7662,22,"feminino","Sup. Incompleto","sim"
"1081","106","um-todo","SG","9","4",34941,22,"feminino","Sup. Incompleto","sim"
"1082","106","todo-um","PL","12","2",11723,22,"feminino","Sup. Incompleto","sim"
"1083","106","todo-um","PL","4","2",4707,22,"feminino","Sup. Incompleto","sim"
"1084","106","todo-um","PL","8","2",23711,22,"feminino","Sup. Incompleto","sim"
"1085","106","um-todo","SG","5","4",7955,22,"feminino","Sup. Incompleto","sim"
"1086","106","todo-um","SG","7","4",42446,22,"feminino","Sup. Incompleto","sim"
"1087","106","um-todo","SG","1","4",6181,22,"feminino","Sup. Incompleto","sim"
"1088","106","um-todo","PL","2","3",23040,22,"feminino","Sup. Incompleto","sim"
"1089","106","um-todo","PL","10","3",5348,22,"feminino","Sup. Incompleto","sim"
"1090","107","todo-um","SG","4","5",9116,51,"masculino","Espec. Completo","sim"
"1091","107","todo-um","SG","12","5",20175,51,"masculino","Espec. Completo","sim"
"1092","107","um-todo","PL","3","5",6892,51,"masculino","Espec. Completo","sim"
"1093","107","todo-um","PL","5","5",7735,51,"masculino","Espec. Completo","sim"
"1094","107","todo-um","PL","9","1",8528,51,"masculino","Espec. Completo","sim"
"1095","107","um-todo","SG","10","5",9881,51,"masculino","Espec. Completo","sim"
"1096","107","um-todo","PL","7","5",7474,51,"masculino","Espec. Completo","sim"
"1097","107","todo-um","PL","1","1",11484,51,"masculino","Espec. Completo","sim"
"1098","107","um-todo","SG","6","1",7835,51,"masculino","Espec. Completo","sim"
"1099","107","um-todo","SG","2","5",6521,51,"masculino","Espec. Completo","sim"
"1100","107","todo-um","SG","8","5",6879,51,"masculino","Espec. Completo","sim"
"1101","109","um-todo","SG","9","4",8582,19,"feminino","Sup. Incompleto","sim"
"1102","109","um-todo","PL","6","4",5258,19,"feminino","Sup. Incompleto","sim"
"1103","109","todo-um","SG","3","3",8713,19,"feminino","Sup. Incompleto","sim"
"1104","109","todo-um","SG","7","2",9312,19,"feminino","Sup. Incompleto","sim"
"1105","109","todo-um","PL","4","2",5864,19,"feminino","Sup. Incompleto","sim"
"1106","109","um-todo","PL","10","4",5110,19,"feminino","Sup. Incompleto","sim"
"1107","109","um-todo","PL","2","5",5417,19,"feminino","Sup. Incompleto","sim"
"1108","109","um-todo","SG","1","4",5278,19,"feminino","Sup. Incompleto","sim"
"1109","109","todo-um","PL","8","2",7379,19,"feminino","Sup. Incompleto","sim"
"1110","109","todo-um","PL","12","4",4576,19,"feminino","Sup. Incompleto","sim"
"1111","109","um-todo","SG","5","1",6731,19,"feminino","Sup. Incompleto","sim"
"1112","110","todo-um","SG","5","3",26720,42,"masculino","Sup. Incompleto","sim"
"1113","110","um-todo","SG","3","4",13265,42,"masculino","Sup. Incompleto","sim"
"1114","110","todo-um","PL","6","2",27163,42,"masculino","Sup. Incompleto","sim"
"1115","110","todo-um","PL","10","5",14610,42,"masculino","Sup. Incompleto","sim"
"1116","110","todo-um","PL","2","1",14746,42,"masculino","Sup. Incompleto","sim"
"1117","110","um-todo","PL","12","3",71918,42,"masculino","Sup. Incompleto","sim"
"1118","110","um-todo","PL","4","1",8524,42,"masculino","Sup. Incompleto","sim"
"1119","110","todo-um","SG","1","4",9644,42,"masculino","Sup. Incompleto","sim"
"1120","110","todo-um","SG","9","3",14563,42,"masculino","Sup. Incompleto","sim"
"1121","110","um-todo","SG","7","1",10988,42,"masculino","Sup. Incompleto","sim"
"1122","110","um-todo","PL","8","2",11334,42,"masculino","Sup. Incompleto","sim"
"1123","111","todo-um","PL","1","1",18413,50,"feminino","Sup. Completo","sim"
"1124","111","um-todo","PL","7","1",8549,50,"feminino","Sup. Completo","sim"
"1125","111","todo-um","SG","8","4",25296,50,"feminino","Sup. Completo","sim"
"1126","111","um-todo","SG","2","1",18029,50,"feminino","Sup. Completo","sim"
"1127","111","todo-um","SG","12","3",9228,50,"feminino","Sup. Completo","sim"
"1128","111","um-todo","SG","10","3",17354,50,"feminino","Sup. Completo","sim"
"1129","111","um-todo","PL","3","5",16652,50,"feminino","Sup. Completo","sim"
"1130","111","todo-um","PL","5","1",8884,50,"feminino","Sup. Completo","sim"
"1131","111","todo-um","SG","4","4",16622,50,"feminino","Sup. Completo","sim"
"1132","111","um-todo","SG","6","5",10435,50,"feminino","Sup. Completo","sim"
"1133","111","todo-um","PL","9","3",6874,50,"feminino","Sup. Completo","sim"
"1134","112","um-todo","SG","9","5",9035,20,"feminino","Sup. Incompleto","sim"
"1135","112","um-todo","PL","2","2",17690,20,"feminino","Sup. Incompleto","sim"
"1136","112","um-todo","PL","6","4",9929,20,"feminino","Sup. Incompleto","sim"
"1137","112","todo-um","PL","8","4",12498,20,"feminino","Sup. Incompleto","sim"
"1138","112","um-todo","SG","5","5",7465,20,"feminino","Sup. Incompleto","sim"
"1139","112","todo-um","SG","7","5",8211,20,"feminino","Sup. Incompleto","sim"
"1140","112","um-todo","PL","10","4",9623,20,"feminino","Sup. Incompleto","sim"
"1141","112","todo-um","PL","4","4",9663,20,"feminino","Sup. Incompleto","sim"
"1142","112","um-todo","SG","1","5",9566,20,"feminino","Sup. Incompleto","sim"
"1143","112","todo-um","SG","3","4",6832,20,"feminino","Sup. Incompleto","sim"
"1144","112","todo-um","PL","12","4",8048,20,"feminino","Sup. Incompleto","sim"
"1145","113","todo-um","SG","6","5",28918,21,"feminino","Sup. Incompleto","sim"
"1146","113","todo-um","PL","3","1",17138,21,"feminino","Sup. Incompleto","sim"
"1147","113","um-todo","PL","1","5",28060,21,"feminino","Sup. Incompleto","sim"
"1148","113","um-todo","SG","4","5",9524,21,"feminino","Sup. Incompleto","sim"
"1149","113","um-todo","SG","8","5",5338,21,"feminino","Sup. Incompleto","sim"
"1150","113","todo-um","SG","2","5",6623,21,"feminino","Sup. Incompleto","sim"
"1151","113","todo-um","SG","10","5",13015,21,"feminino","Sup. Incompleto","sim"
"1152","113","um-todo","SG","12","5",23541,21,"feminino","Sup. Incompleto","sim"
"1153","113","todo-um","PL","7","1",34297,21,"feminino","Sup. Incompleto","sim"
"1154","113","um-todo","PL","5","5",17268,21,"feminino","Sup. Incompleto","sim"
"1155","113","um-todo","PL","9","5",9688,21,"feminino","Sup. Incompleto","sim"
"1156","114","todo-um","PL","3","1",47724,49,"feminino","Mest. Completo","sim"
"1157","114","todo-um","PL","7","1",17094,49,"feminino","Mest. Completo","sim"
"1158","114","um-todo","SG","12","5",39910,49,"feminino","Mest. Completo","sim"
"1159","114","todo-um","SG","10","5",11165,49,"feminino","Mest. Completo","sim"
"1160","114","todo-um","SG","6","5",10418,49,"feminino","Mest. Completo","sim"
"1161","114","todo-um","SG","2","5",139206,49,"feminino","Mest. Completo","sim"
"1162","114","um-todo","PL","5","1",8304,49,"feminino","Mest. Completo","sim"
"1163","114","um-todo","PL","1","1",15084,49,"feminino","Mest. Completo","sim"
"1164","114","um-todo","SG","8","5",11592,49,"feminino","Mest. Completo","sim"
"1165","114","um-todo","SG","4","5",4975,49,"feminino","Mest. Completo","sim"
"1166","114","um-todo","PL","9","5",8307,49,"feminino","Mest. Completo","sim"
"1167","115","um-todo","SG","5","5",25326,30,"feminino","Sup. Incompleto","sim"
"1168","115","um-todo","PL","10","1",18397,30,"feminino","Sup. Incompleto","sim"
"1169","115","todo-um","PL","8","1",30797,30,"feminino","Sup. Incompleto","sim"
"1170","115","todo-um","SG","3","5",15905,30,"feminino","Sup. Incompleto","sim"
"1171","115","um-todo","SG","1","5",10064,30,"feminino","Sup. Incompleto","sim"
"1172","115","todo-um","PL","12","5",20800,30,"feminino","Sup. Incompleto","sim"
"1173","115","um-todo","SG","9","5",9623,30,"feminino","Sup. Incompleto","sim"
"1174","115","um-todo","PL","6","5",13043,30,"feminino","Sup. Incompleto","sim"
"1175","115","todo-um","PL","4","1",9625,30,"feminino","Sup. Incompleto","sim"
"1176","115","todo-um","SG","7","5",9671,30,"feminino","Sup. Incompleto","sim"
"1177","115","um-todo","PL","2","1",18399,30,"feminino","Sup. Incompleto","sim"
"1178","116","todo-um","SG","6","2",10571,21,"feminino","Sup. Incompleto","sim"
"1179","116","todo-um","SG","2","4",12730,21,"feminino","Sup. Incompleto","sim"
"1180","116","um-todo","PL","1","3",11316,21,"feminino","Sup. Incompleto","sim"
"1181","116","todo-um","PL","3","2",10602,21,"feminino","Sup. Incompleto","sim"
"1182","116","um-todo","SG","4","5",12768,21,"feminino","Sup. Incompleto","sim"
"1183","116","um-todo","SG","8","4",20145,21,"feminino","Sup. Incompleto","sim"
"1184","116","todo-um","PL","7","1",9050,21,"feminino","Sup. Incompleto","sim"
"1185","116","um-todo","PL","9","4",13017,21,"feminino","Sup. Incompleto","sim"
"1186","116","todo-um","SG","10","5",6913,21,"feminino","Sup. Incompleto","sim"
"1187","116","um-todo","SG","12","4",9119,21,"feminino","Sup. Incompleto","sim"
"1188","116","um-todo","PL","5","1",9505,21,"feminino","Sup. Incompleto","sim"
"1189","117","um-todo","SG","7","5",6691,25,"feminino","Sup. Incompleto","sim"
"1190","117","um-todo","PL","8","5",5743,25,"feminino","Sup. Incompleto","sim"
"1191","117","todo-um","PL","2","2",6882,25,"feminino","Sup. Incompleto","sim"
"1192","117","um-todo","PL","4","1",8765,25,"feminino","Sup. Incompleto","sim"
"1193","117","todo-um","PL","10","2",10330,25,"feminino","Sup. Incompleto","sim"
"1194","117","todo-um","SG","1","5",6337,25,"feminino","Sup. Incompleto","sim"
"1195","117","um-todo","PL","12","5",9254,25,"feminino","Sup. Incompleto","sim"
"1196","117","todo-um","SG","5","5",5017,25,"feminino","Sup. Incompleto","sim"
"1197","117","todo-um","PL","6","2",5286,25,"feminino","Sup. Incompleto","sim"
"1198","117","todo-um","SG","9","5",9240,25,"feminino","Sup. Incompleto","sim"
"1199","117","um-todo","SG","3","5",5426,25,"feminino","Sup. Incompleto","sim"
